Rank,Total Time,Computation Time,Derived Communication Time,Measured Communication Time,Message Size
0,25.767516,25.686097,0.081419,0.063659,57920
4,25.764690,25.578345,0.186345,0.135712,57920
2,25.767421,25.683683,0.083738,0.070114,57920
6,25.764697,25.581628,0.183069,0.138398,57920
5,25.752486,25.605121,0.147365,0.136789,57920
1,25.754544,25.698957,0.055587,0.051779,57920
3,25.754847,25.706562,0.048285,0.046507,57920
7,25.751433,25.577069,0.174364,0.150608,57920
