Rank,Total Time,Computation Time,Derived Communication Time,Measured Communication Time,Message Size
4,13.140049,12.758813,0.381236,0.381225,409600
0,13.142897,12.816211,0.326686,0.326676,409600
1,13.123773,12.823919,0.299854,0.299848,409600
5,13.121229,12.765226,0.356003,0.356000,409600
2,13.142386,12.823707,0.318679,0.318673,409600
6,13.139315,12.756481,0.382834,0.382824,409600
3,13.123725,12.832836,0.290889,0.290880,409600
7,13.120949,12.760621,0.360328,0.360327,409600
