Rank,Total Time,Computation Time,Derived Communication Time,Measured Communication Time,Message Size
4,25.828271,25.586491,0.241780,0.194139,579200
0,25.831469,25.681332,0.150137,0.119611,579200
2,25.831730,25.686871,0.144859,0.110433,579200
6,25.828031,25.579594,0.248437,0.198214,579200
1,25.819555,25.684542,0.135013,0.131152,579200
3,25.819959,25.711870,0.108089,0.091538,579200
7,25.816265,25.596649,0.219616,0.182540,579200
5,25.815652,25.592397,0.223255,0.201902,579200
