Rank,Total Time,Computation Time,Derived Communication Time,Measured Communication Time,Message Size
4,0.230901,0.198145,0.032756,0.032749,5120
0,0.230884,0.198833,0.032051,0.032047,5120
1,0.230876,0.198326,0.032550,0.032546,5120
5,0.230886,0.197997,0.032889,0.032883,5120
2,0.230911,0.199010,0.031901,0.031895,5120
6,0.230867,0.199580,0.031287,0.031281,5120
7,0.230720,0.197815,0.032905,0.032901,5120
3,0.230905,0.198648,0.032257,0.032250,5120
