Rank,Total Time,Computation Time,Derived Communication Time,Measured Communication Time,Message Size
4,51.409994,51.118118,0.291876,0.291867,8192
0,51.417610,51.299693,0.117917,0.117908,8192
3,51.397589,51.374000,0.023589,0.023585,8192
7,51.389723,51.136894,0.252829,0.252827,8192
5,51.390378,51.125748,0.264630,0.264619,8192
1,51.396831,51.344693,0.052138,0.052133,8192
2,51.418050,51.311368,0.106682,0.106672,8192
6,51.409338,51.105840,0.303498,0.303494,8192
