Rank,Total Time,Computation Time,Derived Communication Time,Measured Communication Time,Message Size
4,3.247995,3.196329,0.051666,0.051662,2048
0,3.248197,3.208788,0.039409,0.039403,2048
7,3.229978,3.196430,0.033548,0.033540,2048
3,3.230375,3.213522,0.016853,0.016850,2048
1,3.230291,3.210927,0.019364,0.019356,2048
5,3.230100,3.198658,0.031442,0.031432,2048
2,3.248458,3.210216,0.038242,0.038236,2048
6,3.247795,3.195002,0.052793,0.052782,2048
