Rank,Total Time,Computation Time,Derived Communication Time,Measured Communication Time,Message Size
4,3.253991,3.196038,0.057953,0.039825,20480
0,3.255158,3.210425,0.044733,0.030433,20480
1,3.236983,3.211753,0.025230,0.022838,20480
5,3.235567,3.198443,0.037124,0.034542,20480
2,3.256330,3.212091,0.044239,0.032676,20480
6,3.253977,3.195130,0.058847,0.041587,20480
3,3.237157,3.215113,0.022044,0.021028,20480
7,3.235494,3.197333,0.038161,0.031125,20480
