Rank,Total Time,Computation Time,Derived Communication Time,Measured Communication Time,Message Size
4,51.407920,51.120353,0.287567,0.287556,81920
0,51.413524,51.332999,0.080525,0.080522,81920
3,51.406583,51.361208,0.045375,0.045366,81920
7,51.397818,51.150453,0.247365,0.247356,81920
2,51.415157,51.310554,0.104603,0.104593,81920
6,51.405293,51.111508,0.293785,0.293777,81920
1,51.404319,51.321320,0.082999,0.082997,81920
5,51.401202,51.171071,0.230131,0.230124,81920
