Rank,Total Time,Computation Time,Derived Communication Time,Measured Communication Time,Message Size
4,3.262987,3.196128,0.066859,0.066854,20480
0,3.264409,3.215973,0.048436,0.048430,20480
7,3.249907,3.197836,0.052071,0.052067,20480
3,3.251105,3.218668,0.032437,0.032429,20480
1,3.250860,3.216727,0.034133,0.034124,20480
5,3.250347,3.198283,0.052064,0.052054,20480
6,3.263686,3.194883,0.068803,0.068792,20480
2,3.264544,3.216582,0.047962,0.047953,20480
