Rank,Total Time,Computation Time,Derived Communication Time,Measured Communication Time,Message Size
4,13.177568,12.757898,0.419670,0.386845,409600
0,13.179603,12.812022,0.367581,0.357744,409600
1,13.162178,12.819121,0.343057,0.340240,409600
5,13.160363,12.768176,0.392187,0.366437,409600
3,13.162134,12.811941,0.350193,0.347527,409600
2,13.179161,12.801268,0.377893,0.367407,409600
6,13.177767,12.763736,0.414031,0.382096,409600
7,13.160285,12.764664,0.395621,0.371366,409600
