Rank,Total Time,Computation Time,Derived Communication Time,Measured Communication Time,Message Size
4,3.268013,3.195744,0.072269,0.051309,2048
0,3.268336,3.216495,0.051841,0.032576,2048
1,3.247680,3.218465,0.029215,0.026278,2048
5,3.247210,3.198590,0.048620,0.037874,2048
3,3.247472,3.220519,0.026953,0.020149,2048
7,3.247109,3.196820,0.050289,0.041419,2048
2,3.268361,3.220927,0.047434,0.030493,2048
6,3.267952,3.194612,0.073340,0.047583,2048
