Rank,Total Time,Computation Time,Derived Communication Time,Measured Communication Time,Message Size
0,0.839386,0.796517,0.042869,0.042867,1024
4,0.839423,0.794438,0.044985,0.044982,1024
1,0.820715,0.797089,0.023626,0.023624,1024
5,0.820714,0.794254,0.026460,0.026457,1024
6,0.839384,0.793432,0.045952,0.045951,1024
2,0.839414,0.798011,0.041403,0.041402,1024
3,0.820732,0.798660,0.022072,0.022070,1024
7,0.820713,0.793700,0.027013,0.027010,1024
