Rank,Total Time,Computation Time,Derived Communication Time,Measured Communication Time,Message Size
4,25.740059,25.595958,0.144101,0.144088,57920
0,25.744719,25.674883,0.069836,0.069831,57920
3,25.730410,25.687164,0.043246,0.043240,57920
7,25.727833,25.609236,0.118597,0.118589,57920
6,25.740678,25.579706,0.160972,0.160967,57920
2,25.743642,25.667586,0.076056,0.076051,57920
5,25.726092,25.576956,0.149136,0.149128,57920
1,25.730909,25.700006,0.030903,0.030899,57920
