Rank,Total Time,Computation Time,Derived Communication Time,Measured Communication Time,Message Size
4,25.826955,25.586363,0.240592,0.240586,579200
0,25.834197,25.702949,0.131248,0.131240,579200
3,25.821494,25.718004,0.103490,0.103483,579200
7,25.815567,25.580774,0.234793,0.234783,579200
6,25.825268,25.571841,0.253427,0.253420,579200
1,25.821626,25.711401,0.110225,0.110220,579200
5,25.815505,25.589896,0.225609,0.225601,579200
2,25.833016,25.707986,0.125030,0.125029,579200
