Rank,Total Time,Computation Time,Derived Communication Time,Measured Communication Time,Message Size
4,25.718850,25.594764,0.124086,0.124063,5792
0,25.722303,25.700192,0.022111,0.022090,5792
3,25.721952,25.693392,0.028560,0.028544,5792
7,25.717517,25.586954,0.130563,0.130546,5792
1,25.721097,25.663548,0.057549,0.057533,5792
5,25.718011,25.581034,0.136977,0.136964,5792
6,25.718107,25.573269,0.144838,0.144827,5792
2,25.722553,25.701083,0.021470,0.021450,5792
