Rank,Total Time,Computation Time,Derived Communication Time,Measured Communication Time,Message Size
4,25.916523,25.588215,0.328308,0.273059,579200
0,25.922135,25.695548,0.226587,0.209922,579200
5,25.901909,25.589060,0.312849,0.257068,579200
1,25.908181,25.708695,0.199486,0.194237,579200
2,25.921941,25.703201,0.218740,0.204037,579200
6,25.916328,25.581723,0.334605,0.269365,579200
3,25.907562,25.705084,0.202478,0.195764,579200
7,25.903068,25.605113,0.297955,0.259674,579200
