Rank,Total Time,Computation Time,Derived Communication Time,Measured Communication Time,Message Size
4,0.860917,0.793850,0.067067,0.067064,102400
0,0.860988,0.799324,0.061664,0.061657,102400
7,0.860483,0.793862,0.066621,0.066619,102400
3,0.860544,0.800230,0.060314,0.060310,102400
5,0.860920,0.794606,0.066314,0.066310,102400
1,0.860995,0.798985,0.062010,0.062005,102400
2,0.860667,0.799126,0.061541,0.061538,102400
6,0.860587,0.795133,0.065454,0.065450,102400
