Rank,Total Time,Computation Time,Derived Communication Time,Measured Communication Time,Message Size
4,51.953131,51.146233,0.806898,0.698591,819200
0,51.958117,51.294562,0.663555,0.647987,819200
6,51.952293,51.120749,0.831544,0.746494,819200
2,51.959160,51.333339,0.625821,0.619575,819200
5,51.943676,51.152360,0.791316,0.681115,819200
1,51.950355,51.347445,0.602910,0.588798,819200
3,51.949654,51.315508,0.634146,0.633267,819200
7,51.944079,51.173911,0.770168,0.698203,819200
