Rank,Total Time,Computation Time,Derived Communication Time,Measured Communication Time,Message Size
4,0.236289,0.198142,0.038147,0.027061,5120
0,0.236350,0.198631,0.037719,0.026469,5120
3,0.217232,0.198905,0.018327,0.017480,5120
7,0.217162,0.197887,0.019275,0.017974,5120
2,0.236353,0.198976,0.037377,0.025276,5120
6,0.236276,0.197750,0.038526,0.025837,5120
1,0.217218,0.199439,0.017779,0.016652,5120
5,0.217171,0.199334,0.017837,0.016919,5120
