Rank,Total Time,Computation Time,Derived Communication Time,Measured Communication Time,Message Size
0,3.240038,3.215015,0.025023,0.025008,2048
4,3.239666,3.198904,0.040762,0.040741,2048
1,3.239890,3.213014,0.026876,0.026852,2048
5,3.239516,3.196315,0.043201,0.043186,2048
2,3.240095,3.214886,0.025209,0.025194,2048
3,3.240024,3.215053,0.024971,0.024954,2048
7,3.239490,3.195516,0.043974,0.043952,2048
6,3.239510,3.196246,0.043264,0.043247,2048
