Rank,Total Time,Computation Time,Derived Communication Time,Measured Communication Time,Message Size
0,3.235485,3.211251,0.024234,0.024224,20480
4,3.235075,3.198414,0.036661,0.036643,20480
3,3.235337,3.211057,0.024280,0.024268,20480
7,3.234711,3.196844,0.037867,0.037850,20480
2,3.235319,3.213067,0.022252,0.022236,20480
6,3.234914,3.196786,0.038128,0.038116,20480
1,3.235255,3.207920,0.027335,0.027316,20480
5,3.235010,3.196176,0.038834,0.038812,20480
