Rank,Total Time,Computation Time,Derived Communication Time,Measured Communication Time,Message Size
4,0.844945,0.793835,0.051110,0.031128,10240
0,0.846130,0.798932,0.047198,0.028343,10240
7,0.825592,0.793377,0.032215,0.020692,10240
3,0.826188,0.800296,0.025892,0.024383,10240
2,0.845898,0.799059,0.046839,0.029338,10240
6,0.844931,0.793521,0.051410,0.030824,10240
1,0.826016,0.797207,0.028809,0.021405,10240
5,0.825616,0.794343,0.031273,0.029011,10240
