Rank,Total Time,Computation Time,Derived Communication Time,Measured Communication Time,Message Size
4,3.399677,3.199577,0.200100,0.200079,204800
0,3.400106,3.217473,0.182633,0.182615,204800
2,3.398664,3.218908,0.179756,0.179745,204800
6,3.398255,3.196121,0.202134,0.202113,204800
1,3.400020,3.213490,0.186530,0.186519,204800
5,3.399585,3.195970,0.203615,0.203599,204800
3,3.398573,3.216505,0.182068,0.182042,204800
7,3.398112,3.195102,0.203010,0.202992,204800
