Rank,Total Time,Computation Time,Derived Communication Time,Measured Communication Time,Message Size
4,0.260941,0.198062,0.062879,0.041747,51200
0,0.260967,0.198753,0.062214,0.040916,51200
3,0.239058,0.199191,0.039867,0.039182,51200
7,0.239012,0.197835,0.041177,0.031976,51200
5,0.239021,0.198204,0.040817,0.040075,51200
1,0.239044,0.198912,0.040132,0.030860,51200
2,0.260980,0.199205,0.061775,0.040449,51200
6,0.260923,0.197628,0.063295,0.041257,51200
