Rank,Total Time,Computation Time,Derived Communication Time,Measured Communication Time,Message Size
4,0.820261,0.794375,0.025886,0.025880,10240
0,0.820449,0.796558,0.023891,0.023886,10240
7,0.820183,0.793401,0.026782,0.026773,10240
3,0.820319,0.797015,0.023304,0.023299,10240
2,0.820461,0.797280,0.023181,0.023177,10240
6,0.820398,0.794814,0.025584,0.025580,10240
5,0.820271,0.794193,0.026078,0.026074,10240
1,0.820440,0.796132,0.024308,0.024300,10240
