Rank,Total Time,Computation Time,Derived Communication Time,Measured Communication Time,Message Size
4,0.880806,0.794159,0.086647,0.072502,102400
0,0.880770,0.800067,0.080703,0.070016,102400
1,0.861867,0.801567,0.060300,0.059207,102400
5,0.861857,0.795699,0.066158,0.060290,102400
3,0.861885,0.799749,0.062136,0.060040,102400
7,0.861819,0.793576,0.068243,0.061970,102400
6,0.880756,0.793542,0.087214,0.069498,102400
2,0.880776,0.801191,0.079585,0.067512,102400
