Rank,Total Time,Computation Time,Derived Communication Time,Measured Communication Time,Message Size
0,12.989853,12.813171,0.176682,0.176675,409600
4,12.987500,12.759273,0.228227,0.228211,409600
2,12.989647,12.819941,0.169706,0.169696,409600
6,12.987686,12.752612,0.235074,0.235064,409600
5,12.965282,12.764768,0.200514,0.200508,409600
1,12.968164,12.822960,0.145204,0.145200,409600
7,12.966217,12.767387,0.198830,0.198826,409600
3,12.967984,12.823206,0.144778,0.144773,409600
