Rank,Total Time,Computation Time,Derived Communication Time,Measured Communication Time,Message Size
4,25.743406,25.579459,0.163947,0.163935,57920
0,25.747222,25.684698,0.062524,0.062518,57920
1,25.735619,25.692996,0.042623,0.042615,57920
5,25.731781,25.587675,0.144106,0.144099,57920
6,25.742555,25.570617,0.171938,0.171931,57920
2,25.747485,25.700491,0.046994,0.046989,57920
3,25.735779,25.706109,0.029670,0.029664,57920
7,25.731058,25.574326,0.156732,0.156727,57920
