Rank,Total Time,Computation Time,Derived Communication Time,Measured Communication Time,Message Size
4,0.225278,0.198207,0.027071,0.027069,512
0,0.225265,0.198170,0.027095,0.027090,512
2,0.225261,0.199651,0.025610,0.025607,512
6,0.225232,0.199107,0.026125,0.026123,512
1,0.225249,0.199218,0.026031,0.026030,512
5,0.225249,0.199183,0.026066,0.026063,512
3,0.225228,0.199675,0.025553,0.025549,512
7,0.225212,0.198681,0.026531,0.026525,512
