Rank,Total Time,Computation Time,Derived Communication Time,Measured Communication Time,Message Size
4,25.762003,25.573665,0.188338,0.188329,57920
0,25.765056,25.674648,0.090408,0.090405,57920
2,25.765651,25.682477,0.083174,0.083170,57920
6,25.760820,25.566595,0.194225,0.194217,57920
5,25.748057,25.579423,0.168634,0.168631,57920
1,25.750689,25.696222,0.054467,0.054462,57920
7,25.747255,25.591014,0.156241,0.156238,57920
3,25.751503,25.707122,0.044381,0.044376,57920
