Rank,Total Time,Computation Time,Derived Communication Time,Measured Communication Time,Message Size
4,0.221113,0.198189,0.022924,0.022918,5120
0,0.221099,0.198422,0.022677,0.022673,5120
3,0.221119,0.199007,0.022112,0.022104,5120
7,0.221079,0.197690,0.023389,0.023388,5120
1,0.221082,0.199704,0.021378,0.021374,5120
2,0.221125,0.198897,0.022228,0.022222,5120
6,0.221096,0.197825,0.023271,0.023267,5120
5,0.221092,0.198242,0.022850,0.022841,5120
