Rank,Total Time,Computation Time,Derived Communication Time,Measured Communication Time,Message Size
4,51.500053,51.139100,0.360953,0.267369,819200
0,51.502988,51.302877,0.200111,0.185129,819200
7,51.492630,51.131890,0.360740,0.352600,819200
3,51.496474,51.342026,0.154448,0.143645,819200
2,51.504386,51.310104,0.194282,0.158176,819200
6,51.499499,51.132872,0.366627,0.245961,819200
1,51.497905,51.358575,0.139330,0.134712,819200
5,51.491865,51.124164,0.367701,0.329057,819200
