Rank,Total Time,Computation Time,Derived Communication Time,Measured Communication Time,Message Size
4,51.411391,51.125493,0.285898,0.285888,8192
0,51.418652,51.336271,0.082381,0.082373,8192
7,51.412482,51.124389,0.288093,0.288081,8192
3,51.421440,51.397527,0.023913,0.023907,8192
5,51.414305,51.146207,0.268098,0.268086,8192
1,51.420172,51.364661,0.055511,0.055504,8192
6,51.410014,51.097338,0.312676,0.312672,8192
2,51.419172,51.332871,0.086301,0.086296,8192
