Rank,Total Time,Computation Time,Derived Communication Time,Measured Communication Time,Message Size
4,0.850849,0.793937,0.056912,0.033357,10240
0,0.850837,0.794980,0.055857,0.032079,10240
7,0.831863,0.793292,0.038571,0.036763,10240
3,0.831906,0.796447,0.035459,0.032359,10240
1,0.831861,0.794926,0.036935,0.035494,10240
5,0.831914,0.794779,0.037135,0.033735,10240
2,0.850859,0.796100,0.054759,0.031297,10240
6,0.850817,0.793334,0.057483,0.032690,10240
