Rank,Total Time,Computation Time,Derived Communication Time,Measured Communication Time,Message Size
4,0.220368,0.198508,0.021860,0.021857,512
0,0.220351,0.199252,0.021099,0.021094,512
3,0.220353,0.198473,0.021880,0.021869,512
7,0.220328,0.197598,0.022730,0.022725,512
1,0.220335,0.198111,0.022224,0.022222,512
5,0.220356,0.198054,0.022302,0.022297,512
2,0.220368,0.198747,0.021621,0.021615,512
6,0.220355,0.198205,0.022150,0.022145,512
