Rank,Total Time,Computation Time,Derived Communication Time,Measured Communication Time,Message Size
0,25.741011,25.678379,0.062632,0.050639,5792
4,25.738263,25.573554,0.164709,0.114568,5792
1,25.724245,25.705536,0.018709,0.017460,5792
5,25.721480,25.605473,0.116007,0.108111,5792
6,25.738500,25.579913,0.158587,0.120068,5792
2,25.740766,25.667053,0.073713,0.056006,5792
3,25.724060,25.699687,0.024373,0.023434,5792
7,25.720563,25.579419,0.141144,0.139040,5792
