Rank,Total Time,Computation Time,Derived Communication Time,Measured Communication Time,Message Size
4,0.849922,0.793880,0.056042,0.030360,1024
0,0.849916,0.801494,0.048422,0.025494,1024
2,0.849932,0.801846,0.048086,0.026113,1024
6,0.849908,0.793489,0.056419,0.030461,1024
1,0.831387,0.801013,0.030374,0.029173,1024
5,0.831415,0.794227,0.037188,0.029148,1024
3,0.831396,0.802470,0.028926,0.023430,1024
7,0.831365,0.793688,0.037677,0.031489,1024
