Rank,Total Time,Computation Time,Derived Communication Time,Measured Communication Time,Message Size
4,3.259003,3.197533,0.061470,0.041142,2048
0,3.259196,3.212080,0.047116,0.031309,2048
3,3.243245,3.220463,0.022782,0.020993,2048
7,3.242755,3.197569,0.045186,0.035108,2048
6,3.258946,3.195916,0.063030,0.039362,2048
2,3.259258,3.215389,0.043869,0.032094,2048
1,3.243205,3.216448,0.026757,0.023677,2048
5,3.242812,3.199423,0.043389,0.037643,2048
