Rank,Total Time,Computation Time,Derived Communication Time,Measured Communication Time,Message Size
4,0.223820,0.198264,0.025556,0.025552,5120
0,0.223895,0.199976,0.023919,0.023914,5120
2,0.223920,0.199046,0.024874,0.024864,5120
6,0.223753,0.198164,0.025589,0.025583,5120
3,0.223915,0.199272,0.024643,0.024638,5120
7,0.223788,0.197624,0.026164,0.026160,5120
5,0.223821,0.198911,0.024910,0.024907,5120
1,0.223890,0.198508,0.025382,0.025376,5120
