Rank,Total Time,Computation Time,Derived Communication Time,Measured Communication Time,Message Size
4,3.416581,3.198023,0.218558,0.218548,204800
0,3.417013,3.211941,0.205072,0.205066,204800
1,3.398915,3.216658,0.182257,0.182254,204800
5,3.398517,3.198525,0.199992,0.199982,204800
2,3.415941,3.217074,0.198867,0.198855,204800
6,3.415134,3.194063,0.221071,0.221067,204800
3,3.397933,3.218580,0.179353,0.179347,204800
7,3.397250,3.197749,0.199501,0.199498,204800
