Rank,Total Time,Computation Time,Derived Communication Time,Measured Communication Time,Message Size
4,0.264429,0.198140,0.066289,0.046812,51200
0,0.264437,0.198070,0.066367,0.048370,51200
7,0.244683,0.197763,0.046920,0.045325,51200
3,0.244715,0.198936,0.045779,0.039102,51200
1,0.244699,0.200489,0.044210,0.042362,51200
5,0.244689,0.198215,0.046474,0.036801,51200
6,0.264403,0.197682,0.066721,0.046418,51200
2,0.264433,0.198437,0.065996,0.046993,51200
