Rank,Total Time,Computation Time,Derived Communication Time,Measured Communication Time,Message Size
4,3.252681,3.198879,0.053802,0.053777,2048
0,3.252841,3.217366,0.035475,0.035457,2048
3,3.252994,3.216942,0.036052,0.036041,2048
7,3.252523,3.196509,0.056014,0.055988,2048
2,3.252874,3.218708,0.034166,0.034149,2048
6,3.252541,3.197525,0.055016,0.054994,2048
5,3.252581,3.195951,0.056630,0.056612,2048
1,3.252750,3.214951,0.037799,0.037786,2048
