Rank,Total Time,Computation Time,Derived Communication Time,Measured Communication Time,Message Size
4,0.264000,0.198374,0.065626,0.065617,51200
0,0.263947,0.199521,0.064426,0.064421,51200
3,0.264254,0.198670,0.065584,0.065578,51200
7,0.264163,0.197606,0.066557,0.066553,51200
2,0.264260,0.198620,0.065640,0.065635,51200
6,0.264179,0.198072,0.066107,0.066105,51200
1,0.263937,0.198693,0.065244,0.065236,51200
5,0.263989,0.198539,0.065450,0.065440,51200
