Rank,Total Time,Computation Time,Derived Communication Time,Measured Communication Time,Message Size
4,51.388564,51.128854,0.259710,0.259683,81920
0,51.395173,51.353398,0.041775,0.041767,81920
2,51.394840,51.347646,0.047194,0.047180,81920
6,51.389331,51.133809,0.255522,0.255505,81920
3,51.394879,51.338041,0.056838,0.056828,81920
5,51.387864,51.107558,0.280306,0.280290,81920
1,51.394311,51.315941,0.078370,0.078340,81920
7,51.387332,51.108023,0.279309,0.279288,81920
