Rank,Total Time,Computation Time,Derived Communication Time,Measured Communication Time,Message Size
4,0.285161,0.198002,0.087159,0.087157,51200
0,0.285224,0.198452,0.086772,0.086769,51200
3,0.263279,0.199058,0.064221,0.064215,51200
7,0.263242,0.197786,0.065456,0.065454,51200
1,0.263591,0.199174,0.064417,0.064414,51200
2,0.284835,0.198454,0.086381,0.086378,51200
6,0.284785,0.197878,0.086907,0.086906,51200
5,0.263541,0.198525,0.065016,0.065015,51200
