Rank,Total Time,Computation Time,Derived Communication Time,Measured Communication Time,Message Size
4,12.873559,12.757650,0.115909,0.091875,4096
0,12.875012,12.825854,0.049158,0.030680,4096
3,12.860906,12.839732,0.021174,0.020089,4096
7,12.859429,12.762279,0.097150,0.085224,4096
1,12.860659,12.833336,0.027323,0.024199,4096
5,12.859581,12.762817,0.096764,0.093459,4096
2,12.874973,12.830868,0.044105,0.030440,4096
6,12.873480,12.756061,0.117419,0.087908,4096
