Rank,Total Time,Computation Time,Derived Communication Time,Measured Communication Time,Message Size
0,25.724206,25.685157,0.039049,0.039046,5792
4,25.721433,25.593767,0.127666,0.127660,5792
2,25.724533,25.679607,0.044926,0.044924,5792
6,25.721085,25.583220,0.137865,0.137861,5792
7,25.714539,25.578240,0.136299,0.136297,5792
1,25.718696,25.694546,0.024150,0.024142,5792
5,25.715924,25.591348,0.124576,0.124571,5792
3,25.719078,25.701479,0.017599,0.017591,5792
