Rank,Total Time,Computation Time,Derived Communication Time,Measured Communication Time,Message Size
0,0.860115,0.795756,0.064359,0.044423,102400
4,0.860129,0.794118,0.066011,0.052290,102400
1,0.841213,0.796744,0.044469,0.043589,102400
5,0.841197,0.794361,0.046836,0.043862,102400
3,0.841217,0.797339,0.043878,0.041350,102400
7,0.841160,0.793408,0.047752,0.046111,102400
2,0.860124,0.796575,0.063549,0.050335,102400
6,0.860102,0.793564,0.066538,0.042757,102400
