Rank,Total Time,Computation Time,Derived Communication Time,Measured Communication Time,Message Size
4,12.877367,12.755456,0.121911,0.091866,40960
0,12.878969,12.813698,0.065271,0.051476,40960
2,12.879124,12.813223,0.065901,0.054716,40960
6,12.877345,12.757926,0.119419,0.089929,40960
1,12.862093,12.818209,0.043884,0.041681,40960
5,12.860760,12.767972,0.092788,0.088976,40960
3,12.862508,12.825866,0.036642,0.035636,40960
7,12.860600,12.763249,0.097351,0.080099,40960
