Rank,Total Time,Computation Time,Derived Communication Time,Measured Communication Time,Message Size
4,0.826493,0.794392,0.032101,0.032095,1024
0,0.827047,0.800723,0.026324,0.026320,1024
2,0.826905,0.802750,0.024155,0.024151,1024
6,0.826671,0.794543,0.032128,0.032124,1024
7,0.826657,0.794386,0.032271,0.032261,1024
3,0.826906,0.802493,0.024413,0.024407,1024
1,0.827033,0.799836,0.027197,0.027193,1024
5,0.826302,0.794074,0.032228,0.032220,1024
