Rank,Total Time,Computation Time,Derived Communication Time,Measured Communication Time,Message Size
0,0.819235,0.796707,0.022528,0.022522,1024
4,0.819274,0.794277,0.024997,0.024992,1024
3,0.819268,0.798746,0.020522,0.020519,1024
7,0.819189,0.793703,0.025486,0.025477,1024
2,0.819252,0.797545,0.021707,0.021701,1024
6,0.819204,0.793924,0.025280,0.025275,1024
1,0.819243,0.796294,0.022949,0.022943,1024
5,0.819252,0.794979,0.024273,0.024265,1024
