Rank,Total Time,Computation Time,Derived Communication Time,Measured Communication Time,Message Size
4,51.415093,51.145399,0.269694,0.269677,81920
0,51.421184,51.330239,0.090945,0.090926,81920
2,51.423215,51.370400,0.052815,0.052799,81920
6,51.412970,51.147012,0.265958,0.265939,81920
7,51.413247,51.101347,0.311900,0.311886,81920
3,51.423456,51.380909,0.042547,0.042531,81920
1,51.422386,51.370212,0.052174,0.052151,81920
5,51.414668,51.133376,0.281292,0.281275,81920
