Rank,Total Time,Computation Time,Derived Communication Time,Measured Communication Time,Message Size
0,12.852426,12.806918,0.045508,0.045483,40960
4,12.851593,12.769683,0.081910,0.081891,40960
3,12.853104,12.809708,0.043396,0.043376,40960
7,12.850146,12.757178,0.092968,0.092949,40960
2,12.852763,12.808481,0.044282,0.044268,40960
6,12.851301,12.769455,0.081846,0.081826,40960
5,12.851852,12.764528,0.087324,0.087308,40960
1,12.852607,12.804750,0.047857,0.047839,40960
