Rank,Total Time,Computation Time,Derived Communication Time,Measured Communication Time,Message Size
4,12.873284,12.756490,0.116794,0.085032,40960
0,12.875290,12.821423,0.053867,0.041843,40960
3,12.858323,12.821595,0.036728,0.034327,40960
7,12.857093,12.770560,0.086533,0.080302,40960
2,12.874759,12.816437,0.058322,0.041283,40960
6,12.873509,12.762447,0.111062,0.085467,40960
5,12.856945,12.768462,0.088483,0.071927,40960
1,12.858726,12.829885,0.028841,0.025963,40960
