Rank,Total Time,Computation Time,Derived Communication Time,Measured Communication Time,Message Size
4,0.925507,0.794285,0.131222,0.131216,102400
0,0.925525,0.796532,0.128993,0.128990,102400
1,0.909812,0.797973,0.111839,0.111836,102400
5,0.909745,0.795046,0.114699,0.114693,102400
7,0.908956,0.794214,0.114742,0.114740,102400
3,0.909134,0.799333,0.109801,0.109796,102400
6,0.924775,0.793582,0.131193,0.131192,102400
2,0.924848,0.805803,0.119045,0.119042,102400
