Rank,Total Time,Computation Time,Derived Communication Time,Measured Communication Time,Message Size
4,25.881215,25.587088,0.294127,0.294103,579200
0,25.885582,25.706480,0.179102,0.179087,579200
1,25.885034,25.689110,0.195924,0.195915,579200
5,25.878932,25.569756,0.309176,0.309157,579200
7,25.880412,25.595989,0.284423,0.284408,579200
3,25.884184,25.679883,0.204301,0.204288,579200
6,25.882067,25.594997,0.287070,0.287052,579200
2,25.885139,25.700067,0.185072,0.185061,579200
