Rank,Total Time,Computation Time,Derived Communication Time,Measured Communication Time,Message Size
4,0.859508,0.794084,0.065424,0.065418,102400
0,0.859596,0.796297,0.063299,0.063296,102400
2,0.859529,0.797523,0.062006,0.062004,102400
6,0.859278,0.793648,0.065630,0.065625,102400
3,0.859492,0.796595,0.062897,0.062895,102400
7,0.859304,0.793427,0.065877,0.065869,102400
1,0.859571,0.795586,0.063985,0.063983,102400
5,0.859523,0.794437,0.065086,0.065079,102400
