Rank,Total Time,Computation Time,Derived Communication Time,Measured Communication Time,Message Size
4,51.386997,51.143401,0.243596,0.243577,8192
0,51.392418,51.304068,0.088350,0.088336,8192
5,51.387144,51.105030,0.282114,0.282096,8192
1,51.394301,51.336937,0.057364,0.057347,8192
7,51.387533,51.118191,0.269342,0.269328,8192
3,51.394508,51.360123,0.034385,0.034373,8192
6,51.386696,51.154951,0.231745,0.231733,8192
2,51.392909,51.318680,0.074229,0.074218,8192
