Rank,Total Time,Computation Time,Derived Communication Time,Measured Communication Time,Message Size
0,3.307297,3.211078,0.096219,0.069431,204800
4,3.307218,3.197818,0.109400,0.073068,204800
2,3.307615,3.215694,0.091921,0.060553,204800
6,3.307099,3.194666,0.112433,0.079287,204800
7,3.291099,3.198759,0.092340,0.072142,204800
3,3.291308,3.216816,0.074492,0.072276,204800
5,3.291049,3.198270,0.092779,0.086866,204800
1,3.291345,3.216088,0.075257,0.061364,204800
