Rank,Total Time,Computation Time,Derived Communication Time,Measured Communication Time,Message Size
4,12.867957,12.765426,0.102531,0.102516,40960
0,12.869476,12.826506,0.042970,0.042960,40960
3,12.869262,12.815983,0.053279,0.053262,40960
7,12.866203,12.759205,0.106998,0.106987,40960
6,12.867187,12.761208,0.105979,0.105959,40960
2,12.869759,12.829182,0.040577,0.040562,40960
5,12.866674,12.757577,0.109097,0.109084,40960
1,12.868540,12.816026,0.052514,0.052499,40960
