Rank,Total Time,Computation Time,Derived Communication Time,Measured Communication Time,Message Size
4,0.242815,0.198099,0.044716,0.044712,5120
0,0.242789,0.198292,0.044497,0.044496,5120
5,0.223655,0.198320,0.025335,0.025332,5120
1,0.223604,0.198306,0.025298,0.025295,5120
3,0.223649,0.198800,0.024849,0.024844,5120
2,0.242808,0.198676,0.044132,0.044129,5120
6,0.242778,0.197837,0.044941,0.044938,5120
7,0.223624,0.198164,0.025460,0.025456,5120
