Rank,Total Time,Computation Time,Derived Communication Time,Measured Communication Time,Message Size
4,12.964242,12.764835,0.199407,0.199386,409600
0,12.966107,12.824654,0.141453,0.141439,409600
1,12.965750,12.817617,0.148133,0.148120,409600
5,12.963216,12.761633,0.201583,0.201562,409600
7,12.962328,12.758637,0.203691,0.203669,409600
3,12.965508,12.815017,0.150491,0.150476,409600
2,12.965923,12.827256,0.138667,0.138651,409600
6,12.963729,12.759613,0.204116,0.204096,409600
