Rank,Total Time,Computation Time,Derived Communication Time,Measured Communication Time,Message Size
4,0.849767,0.794318,0.055449,0.055441,102400
0,0.849737,0.800512,0.049225,0.049221,102400
7,0.849664,0.795295,0.054369,0.054366,102400
3,0.849749,0.799419,0.050330,0.050326,102400
6,0.849714,0.796439,0.053275,0.053267,102400
2,0.849788,0.800723,0.049065,0.049059,102400
1,0.849745,0.800067,0.049678,0.049672,102400
5,0.849734,0.793988,0.055746,0.055738,102400
