Rank,Total Time,Computation Time,Derived Communication Time,Measured Communication Time,Message Size
4,3.332262,3.197910,0.134352,0.113446,204800
0,3.332458,3.212897,0.119561,0.107968,204800
1,3.318193,3.219105,0.099088,0.096060,204800
5,3.317774,3.199271,0.118503,0.106506,204800
3,3.318164,3.220487,0.097677,0.093499,204800
7,3.317734,3.196451,0.121283,0.105605,204800
2,3.332614,3.219093,0.113521,0.099526,204800
6,3.332160,3.194546,0.137614,0.109357,204800
