Rank,Total Time,Computation Time,Derived Communication Time,Measured Communication Time,Message Size
4,0.239166,0.198035,0.041131,0.041128,512
0,0.239155,0.198240,0.040915,0.040910,512
7,0.220182,0.197803,0.022379,0.022378,512
3,0.220211,0.198658,0.021553,0.021548,512
1,0.220199,0.198200,0.021999,0.021994,512
5,0.220213,0.198182,0.022031,0.022027,512
2,0.239179,0.198446,0.040733,0.040731,512
6,0.239140,0.197679,0.041461,0.041461,512
