Rank,Total Time,Computation Time,Derived Communication Time,Measured Communication Time,Message Size
4,0.241390,0.198082,0.043308,0.023476,512
0,0.241384,0.198056,0.043328,0.024291,512
6,0.241371,0.197761,0.043610,0.025622,512
2,0.241385,0.198427,0.042958,0.020894,512
3,0.221918,0.198800,0.023118,0.020957,512
7,0.221908,0.199365,0.022543,0.020763,512
5,0.221918,0.198138,0.023780,0.022590,512
1,0.221906,0.198091,0.023815,0.021534,512
