Rank,Total Time,Computation Time,Derived Communication Time,Measured Communication Time,Message Size
4,25.724318,25.595232,0.129086,0.129074,5792
0,25.726652,25.677580,0.049072,0.049067,5792
7,25.723632,25.578715,0.144917,0.144913,5792
3,25.728148,25.706815,0.021333,0.021332,5792
6,25.723433,25.573186,0.150247,0.150239,5792
2,25.727609,25.697334,0.030275,0.030271,5792
1,25.727767,25.695099,0.032668,0.032663,5792
5,25.725238,25.607172,0.118066,0.118065,5792
