Rank,Total Time,Computation Time,Derived Communication Time,Measured Communication Time,Message Size
4,12.878284,12.756506,0.121778,0.086711,40960
0,12.882627,12.815166,0.067461,0.035465,40960
2,12.882413,12.822004,0.060409,0.028010,40960
6,12.878169,12.755714,0.122455,0.075134,40960
3,12.865016,12.819318,0.045698,0.044346,40960
7,12.862468,12.769711,0.092757,0.073064,40960
1,12.866253,12.821787,0.044466,0.029092,40960
5,12.862115,12.762550,0.099565,0.090878,40960
