Rank,Total Time,Computation Time,Derived Communication Time,Measured Communication Time,Message Size
4,3.262804,3.196621,0.066183,0.066176,2048
0,3.263215,3.209933,0.053282,0.053277,2048
3,3.248434,3.212121,0.036313,0.036310,2048
7,3.247649,3.196910,0.050739,0.050730,2048
1,3.248293,3.209860,0.038433,0.038429,2048
5,3.248113,3.199707,0.048406,0.048400,2048
6,3.262515,3.195609,0.066906,0.066900,2048
2,3.263477,3.210653,0.052824,0.052819,2048
