Rank,Total Time,Computation Time,Derived Communication Time,Measured Communication Time,Message Size
4,0.251814,0.198076,0.053738,0.053734,5120
0,0.251941,0.199227,0.052714,0.052711,5120
6,0.251771,0.197729,0.054042,0.054041,5120
2,0.251826,0.199214,0.052612,0.052611,5120
3,0.230313,0.199502,0.030811,0.030807,5120
7,0.230274,0.197829,0.032445,0.032438,5120
1,0.230281,0.199233,0.031048,0.031045,5120
5,0.230315,0.198335,0.031980,0.031976,5120
