Rank,Total Time,Computation Time,Derived Communication Time,Measured Communication Time,Message Size
4,51.419303,51.138438,0.280865,0.280859,8192
0,51.425369,51.347158,0.078211,0.078205,8192
2,51.426412,51.350010,0.076402,0.076394,8192
6,51.416907,51.100544,0.316363,0.316353,8192
3,51.417329,51.395022,0.022307,0.022303,8192
7,51.408729,51.120449,0.288280,0.288277,8192
5,51.411114,51.155609,0.255505,0.255496,8192
1,51.416285,51.371860,0.044425,0.044425,8192
