Rank,Total Time,Computation Time,Derived Communication Time,Measured Communication Time,Message Size
0,12.861745,12.820396,0.041349,0.041334,4096
4,12.860454,12.765003,0.095451,0.095435,4096
2,12.861645,12.830899,0.030746,0.030735,4096
6,12.860227,12.760045,0.100182,0.100162,4096
7,12.859741,12.759012,0.100729,0.100705,4096
3,12.861314,12.812316,0.048998,0.048980,4096
1,12.861246,12.810118,0.051128,0.051113,4096
5,12.859629,12.761540,0.098089,0.098076,4096
