Rank,Total Time,Computation Time,Derived Communication Time,Measured Communication Time,Message Size
0,25.750639,25.697786,0.052853,0.052845,57920
4,25.747108,25.595058,0.152050,0.152031,57920
3,25.750180,25.697638,0.052542,0.052529,57920
7,25.746172,25.588447,0.157725,0.157709,57920
1,25.750088,25.686965,0.063123,0.063109,57920
5,25.746220,25.581352,0.164868,0.164849,57920
6,25.747713,25.595578,0.152135,0.152116,57920
2,25.750437,25.709930,0.040507,0.040494,57920
