Rank,Total Time,Computation Time,Derived Communication Time,Measured Communication Time,Message Size
4,12.919869,12.762589,0.157280,0.157275,409600
0,12.920873,12.803258,0.117615,0.117611,409600
2,12.921272,12.811370,0.109902,0.109896,409600
6,12.919715,12.758946,0.160769,0.160763,409600
1,12.904395,12.811242,0.093153,0.093152,409600
5,12.903672,12.770654,0.133018,0.133005,409600
7,12.903087,12.767023,0.136064,0.136057,409600
3,12.905120,12.822768,0.082352,0.082348,409600
