Rank,Total Time,Computation Time,Derived Communication Time,Measured Communication Time,Message Size
4,0.253640,0.198068,0.055572,0.055570,51200
0,0.253649,0.198377,0.055272,0.055272,51200
5,0.234794,0.198169,0.036625,0.036621,51200
1,0.234800,0.198671,0.036129,0.036126,51200
2,0.253567,0.198775,0.054792,0.054786,51200
6,0.253568,0.197748,0.055820,0.055817,51200
3,0.234716,0.199041,0.035675,0.035669,51200
7,0.234657,0.197828,0.036829,0.036824,51200
