Rank,Total Time,Computation Time,Derived Communication Time,Measured Communication Time,Message Size
4,0.850233,0.794116,0.056117,0.056116,10240
0,0.850252,0.796018,0.054234,0.054231,10240
6,0.850167,0.793012,0.057155,0.057149,10240
2,0.850466,0.797646,0.052820,0.052817,10240
1,0.831705,0.795751,0.035954,0.035953,10240
5,0.831725,0.794594,0.037131,0.037129,10240
7,0.831492,0.794621,0.036871,0.036870,10240
3,0.831765,0.796871,0.034894,0.034890,10240
