Rank,Total Time,Computation Time,Derived Communication Time,Measured Communication Time,Message Size
4,0.866584,0.793849,0.072735,0.072729,102400
0,0.866601,0.796413,0.070188,0.070186,102400
2,0.866641,0.799667,0.066974,0.066971,102400
6,0.866551,0.793250,0.073301,0.073299,102400
1,0.847911,0.796068,0.051843,0.051839,102400
5,0.847917,0.794301,0.053616,0.053613,102400
7,0.847868,0.793298,0.054570,0.054567,102400
3,0.847951,0.798233,0.049718,0.049714,102400
