Rank,Total Time,Computation Time,Derived Communication Time,Measured Communication Time,Message Size
4,25.751847,25.602385,0.149462,0.149443,57920
0,25.753349,25.678967,0.074382,0.074359,57920
1,25.753707,25.673462,0.080245,0.080224,57920
5,25.751517,25.579050,0.172467,0.172447,57920
2,25.754825,25.705665,0.049160,0.049142,57920
6,25.750892,25.597846,0.153046,0.153030,57920
3,25.754960,25.701949,0.053011,0.053001,57920
7,25.749580,25.583769,0.165811,0.165801,57920
