Rank,Total Time,Computation Time,Derived Communication Time,Measured Communication Time,Message Size
4,12.987246,12.756363,0.230883,0.191918,409600
0,12.989123,12.813760,0.175363,0.164877,409600
7,12.972420,12.763240,0.209180,0.178272,409600
3,12.974604,12.824250,0.150354,0.147428,409600
1,12.974196,12.818150,0.156046,0.154296,409600
5,12.972353,12.762850,0.209503,0.186480,409600
2,12.989371,12.814760,0.174611,0.162053,409600
6,12.987230,12.754051,0.233179,0.189906,409600
