Rank,Total Time,Computation Time,Derived Communication Time,Measured Communication Time,Message Size
0,12.865483,12.811726,0.053757,0.053753,40960
4,12.863563,12.757587,0.105976,0.105970,40960
3,12.850819,12.817978,0.032841,0.032834,40960
7,12.848762,12.766863,0.081899,0.081893,40960
2,12.865745,12.813008,0.052737,0.052730,40960
1,12.850774,12.823556,0.027218,0.027209,40960
5,12.849058,12.766324,0.082734,0.082729,40960
6,12.863586,12.753801,0.109785,0.109778,40960
