Rank,Total Time,Computation Time,Derived Communication Time,Measured Communication Time,Message Size
4,0.073598,0.009041,0.064557,0.064548,51200
0,0.073655,0.009232,0.064423,0.064417,51200
2,0.073398,0.009201,0.064197,0.064192,51200
6,0.073431,0.009310,0.064121,0.064116,51200
3,0.073418,0.009874,0.063544,0.063537,51200
7,0.073445,0.009810,0.063635,0.063627,51200
5,0.073586,0.009531,0.064055,0.064045,51200
1,0.073658,0.009716,0.063942,0.063940,51200
