Rank,Total Time,Computation Time,Derived Communication Time,Measured Communication Time,Message Size
0,2.146983,0.227829,1.919154,1.919141,2048000
4,2.147171,0.226240,1.920931,1.920922,2048000
1,2.147023,0.227645,1.919378,1.919363,2048000
5,2.147230,0.227812,1.919418,1.919400,2048000
6,2.160644,0.226321,1.934323,1.934300,2048000
2,2.160634,0.227518,1.933116,1.933101,2048000
3,2.160563,0.225535,1.935028,1.935009,2048000
7,2.160578,0.226333,1.934245,1.934235,2048000
