Rank,Total Time,Computation Time,Derived Communication Time,Measured Communication Time,Message Size
0,0.354656,0.227371,0.127285,0.113410,204800
4,0.354706,0.226091,0.128615,0.114677,204800
1,0.344126,0.225903,0.118223,0.114749,204800
5,0.344148,0.227736,0.116412,0.112541,204800
6,0.354733,0.226681,0.128052,0.114482,204800
2,0.354723,0.227388,0.127335,0.114957,204800
3,0.344103,0.228672,0.115431,0.113184,204800
7,0.344247,0.227938,0.116309,0.112530,204800
