Rank,Total Time,Computation Time,Derived Communication Time,Measured Communication Time,Message Size
0,0.054881,0.009328,0.045553,0.045550,5120
4,0.054869,0.009039,0.045830,0.045825,5120
2,0.054852,0.009482,0.045370,0.045369,5120
6,0.054862,0.009194,0.045668,0.045663,5120
5,0.033263,0.009778,0.023485,0.023481,5120
1,0.033265,0.010027,0.023238,0.023233,5120
3,0.033215,0.009451,0.023764,0.023760,5120
7,0.033260,0.009701,0.023559,0.023556,5120
