Rank,Total Time,Computation Time,Derived Communication Time,Measured Communication Time,Message Size
0,0.075899,0.034785,0.041114,0.028965,10240
4,0.075901,0.034810,0.041091,0.029270,10240
3,0.056762,0.036303,0.020459,0.020084,10240
7,0.056765,0.036257,0.020508,0.019863,10240
1,0.056768,0.036688,0.020080,0.019099,10240
6,0.075889,0.034828,0.041061,0.029243,10240
2,0.075864,0.033920,0.041944,0.030282,10240
5,0.056773,0.036778,0.019995,0.019297,10240
