Rank,Total Time,Computation Time,Derived Communication Time,Measured Communication Time,Message Size
4,4.192811,3.795582,0.397229,0.384545,819200
0,4.193054,3.801711,0.391343,0.378654,819200
7,4.191681,3.760581,0.431100,0.428060,819200
3,4.192743,3.788775,0.403968,0.400706,819200
1,4.192645,3.776798,0.415847,0.404539,819200
5,4.192590,3.793526,0.399064,0.386772,819200
6,4.193039,3.799734,0.393305,0.388946,819200
2,4.193174,3.798748,0.394426,0.391071,819200
