Rank,Total Time,Computation Time,Derived Communication Time,Measured Communication Time,Message Size
4,7.427101,1.992550,5.434551,5.434543,5792000
0,7.426778,1.999363,5.427415,5.427411,5792000
3,7.442469,1.981939,5.460530,5.460526,5792000
7,7.442832,1.988862,5.453970,5.453960,5792000
6,7.443206,2.007339,5.435867,5.435856,5792000
2,7.442899,1.999616,5.443283,5.443276,5792000
1,7.426511,1.986234,5.440277,5.440267,5792000
5,7.427313,1.999790,5.427523,5.427518,5792000
