Rank,Total Time,Computation Time,Derived Communication Time,Measured Communication Time,Message Size
0,1.228422,0.225452,1.002970,0.988384,2048000
4,1.228404,0.225179,1.003225,0.988990,2048000
2,1.228414,0.226206,1.002208,0.994353,2048000
6,1.228340,0.224060,1.004280,0.997031,2048000
1,1.211603,0.225740,0.985863,0.971468,2048000
5,1.211631,0.225615,0.986016,0.971950,2048000
3,1.211617,0.227263,0.984354,0.978697,2048000
7,1.211633,0.225211,0.986422,0.980210,2048000
