Rank,Total Time,Computation Time,Derived Communication Time,Measured Communication Time,Message Size
4,0.496476,0.009117,0.487359,0.487355,512000
0,0.496461,0.009996,0.486465,0.486461,512000
7,0.497442,0.010150,0.487292,0.487287,512000
3,0.497492,0.010317,0.487175,0.487165,512000
1,0.496453,0.009966,0.486487,0.486472,512000
5,0.496493,0.009965,0.486528,0.486525,512000
6,0.497396,0.009120,0.488276,0.488268,512000
2,0.497452,0.009470,0.487982,0.487979,512000
