Rank,Total Time,Computation Time,Derived Communication Time,Measured Communication Time,Message Size
0,2.164867,2.004211,0.160656,0.160650,579200
4,2.164854,1.988072,0.176782,0.176772,579200
3,2.164705,1.988376,0.176329,0.176327,579200
7,2.164840,1.986185,0.178655,0.178644,579200
1,2.164212,1.990390,0.173822,0.173810,579200
5,2.164074,1.978023,0.186051,0.186043,579200
2,2.165045,2.007536,0.157509,0.157506,579200
6,2.165284,2.005500,0.159784,0.159754,579200
