Rank,Total Time,Computation Time,Derived Communication Time,Measured Communication Time,Message Size
0,2.548175,2.006317,0.541858,0.541852,579200
4,2.546302,1.995683,0.550619,0.550612,579200
3,2.531572,1.993262,0.538310,0.538306,579200
7,2.531331,2.006406,0.524925,0.524921,579200
6,2.543264,2.004302,0.538962,0.538960,579200
1,2.537289,1.992796,0.544493,0.544487,579200
5,2.534285,1.992819,0.541466,0.541462,579200
2,2.544383,2.001176,0.543207,0.543201,579200
