Rank,Total Time,Computation Time,Derived Communication Time,Measured Communication Time,Message Size
0,5.773490,3.825146,1.948344,1.947476,8192000
4,5.772665,3.770201,2.002464,1.975817,8192000
3,5.767216,3.784928,1.982288,1.938260,8192000
7,5.766713,3.781559,1.985154,1.933776,8192000
5,5.766803,3.780426,1.986377,1.951650,8192000
6,5.772978,3.775259,1.997719,1.996425,8192000
2,5.773407,3.793933,1.979474,1.963554,8192000
1,5.767322,3.789441,1.977881,1.976858,8192000
