Rank,Total Time,Computation Time,Derived Communication Time,Measured Communication Time,Message Size
4,0.050761,0.009076,0.041685,0.023610,512
0,0.050771,0.009358,0.041413,0.023589,512
3,0.031375,0.010073,0.021302,0.020543,512
7,0.031361,0.009577,0.021784,0.014313,512
6,0.050747,0.009033,0.041714,0.023376,512
2,0.050741,0.008663,0.042078,0.024243,512
5,0.031365,0.009669,0.021696,0.021214,512
1,0.031365,0.009818,0.021547,0.013989,512
