Rank,Total Time,Computation Time,Derived Communication Time,Measured Communication Time,Message Size
0,3.998524,3.806118,0.192406,0.192394,819200
4,3.997777,3.771639,0.226138,0.226117,819200
3,3.997753,3.794859,0.202894,0.202882,819200
7,3.996899,3.756141,0.240758,0.240734,819200
1,3.998707,3.801053,0.197654,0.197641,819200
5,3.997241,3.761483,0.235758,0.235744,819200
2,3.998915,3.809605,0.189310,0.189293,819200
6,3.997654,3.769413,0.228241,0.228215,819200
