Rank,Total Time,Computation Time,Derived Communication Time,Measured Communication Time,Message Size
4,0.049472,0.009079,0.040393,0.028059,5120
0,0.049486,0.009534,0.039952,0.028200,5120
3,0.030490,0.010362,0.020128,0.019165,5120
7,0.030475,0.010227,0.020248,0.019837,5120
1,0.030480,0.009684,0.020796,0.019786,5120
6,0.049475,0.009448,0.040027,0.028838,5120
2,0.049476,0.009478,0.039998,0.028776,5120
5,0.030466,0.008769,0.021697,0.020309,5120
