Rank,Total Time,Computation Time,Derived Communication Time,Measured Communication Time,Message Size
4,11.550569,3.793668,7.756901,7.668785,8192000
0,11.551049,3.809871,7.741178,7.653963,8192000
3,11.548953,3.788718,7.760235,7.736225,8192000
7,11.548187,3.775369,7.772818,7.752652,8192000
1,11.548539,3.779223,7.769316,7.682111,8192000
5,11.547809,3.757584,7.790225,7.702089,8192000
6,11.550466,3.791196,7.759270,7.739125,8192000
2,11.550813,3.795629,7.755184,7.731209,8192000
