Rank,Total Time,Computation Time,Derived Communication Time,Measured Communication Time,Message Size
4,5.759866,3.796763,1.963103,1.963098,8192000
0,5.759426,3.794217,1.965209,1.965204,8192000
2,5.759315,3.792709,1.966606,1.966600,8192000
6,5.759697,3.800446,1.959251,1.959244,8192000
3,5.754246,3.774914,1.979332,1.979328,8192000
7,5.754303,3.754804,1.999499,1.999496,8192000
1,5.755795,3.788570,1.967225,1.967220,8192000
5,5.754977,3.747767,2.007210,2.007199,8192000
