Rank,Total Time,Computation Time,Derived Communication Time,Measured Communication Time,Message Size
0,2.294187,1.999917,0.294270,0.282332,579200
4,2.293690,1.995328,0.298362,0.285497,579200
3,2.281097,1.988268,0.292829,0.288240,579200
7,2.281066,1.993752,0.287314,0.280483,579200
2,2.294292,2.006510,0.287782,0.273832,579200
6,2.293829,2.000910,0.292919,0.277515,579200
1,2.281275,1.987659,0.293616,0.289065,579200
5,2.280723,1.982031,0.298692,0.293386,579200
