Rank,Total Time,Computation Time,Derived Communication Time,Measured Communication Time,Message Size
4,3.898742,3.807182,0.091560,0.075908,81920
0,3.898145,3.794288,0.103857,0.081072,81920
2,3.898159,3.795368,0.102791,0.088057,81920
6,3.897808,3.776756,0.121052,0.103244,81920
3,3.889717,3.778303,0.111414,0.103003,81920
7,3.890442,3.791515,0.098927,0.092708,81920
5,3.890501,3.793395,0.097106,0.087799,81920
1,3.889766,3.775321,0.114445,0.103278,81920
