Rank,Total Time,Computation Time,Derived Communication Time,Measured Communication Time,Message Size
0,0.078563,0.035208,0.043355,0.043350,10240
4,0.078525,0.034821,0.043704,0.043700,10240
6,0.078528,0.034611,0.043917,0.043913,10240
2,0.078490,0.034907,0.043583,0.043580,10240
1,0.067146,0.036414,0.030732,0.030730,10240
3,0.067114,0.035575,0.031539,0.031537,10240
7,0.067138,0.036528,0.030610,0.030605,10240
5,0.067151,0.036392,0.030759,0.030757,10240
