Rank,Total Time,Computation Time,Derived Communication Time,Measured Communication Time,Message Size
0,0.306425,0.226709,0.079716,0.079696,204800
4,0.306544,0.227618,0.078926,0.078910,204800
3,0.306428,0.227236,0.079192,0.079174,204800
7,0.306606,0.227209,0.079397,0.079375,204800
2,0.306418,0.226659,0.079759,0.079735,204800
6,0.306559,0.226642,0.079917,0.079900,204800
1,0.306411,0.227200,0.079211,0.079192,204800
5,0.306484,0.225687,0.080797,0.080779,204800
