Rank,Total Time,Computation Time,Derived Communication Time,Measured Communication Time,Message Size
0,2.271238,1.998370,0.272868,0.272853,579200
4,2.271874,2.009716,0.262158,0.262148,579200
1,2.271106,1.995577,0.275529,0.275511,579200
6,2.269570,1.985153,0.284417,0.284399,579200
2,2.269779,1.996306,0.273473,0.273462,579200
5,2.271551,1.992180,0.279371,0.279351,579200
3,2.269733,1.999002,0.270731,0.270708,579200
7,2.269426,1.979186,0.290240,0.290224,579200
