Rank,Total Time,Computation Time,Derived Communication Time,Measured Communication Time,Message Size
4,4.574588,3.800223,0.774365,0.774358,819200
0,4.579207,3.796575,0.782632,0.782626,819200
6,4.570105,3.777695,0.792410,0.792402,819200
2,4.570460,3.791338,0.779122,0.779115,819200
3,4.561010,3.780697,0.780313,0.780304,819200
7,4.560816,3.784410,0.776406,0.776399,819200
1,4.564415,3.782843,0.781572,0.781566,819200
5,4.564460,3.758893,0.805567,0.805565,819200
