Rank,Total Time,Computation Time,Derived Communication Time,Measured Communication Time,Message Size
0,3.893799,3.801017,0.092782,0.092777,81920
4,3.894196,3.803476,0.090720,0.090718,81920
3,3.892395,3.782393,0.110002,0.109994,81920
7,3.892595,3.757194,0.135401,0.135393,81920
2,3.893335,3.789383,0.103952,0.103946,81920
6,3.894089,3.807563,0.086526,0.086520,81920
5,3.893149,3.754972,0.138177,0.138174,81920
1,3.893487,3.784102,0.109385,0.109378,81920
