Rank,Total Time,Computation Time,Derived Communication Time,Measured Communication Time,Message Size
0,4.791954,2.006500,2.785454,2.781322,5792000
4,4.792133,2.005889,2.786244,2.782904,5792000
1,4.784585,1.993387,2.791198,2.787089,5792000
5,4.784482,1.982327,2.802155,2.799041,5792000
2,4.792080,2.013612,2.778468,2.738090,5792000
6,4.791439,1.983628,2.807811,2.762979,5792000
7,4.784774,1.996741,2.788033,2.743117,5792000
3,4.784438,1.987367,2.797071,2.756577,5792000
