Rank,Total Time,Computation Time,Derived Communication Time,Measured Communication Time,Message Size
4,0.065400,0.033878,0.031522,0.031516,10240
0,0.065439,0.036035,0.029404,0.029402,10240
6,0.065386,0.035092,0.030294,0.030290,10240
2,0.065352,0.035177,0.030175,0.030172,10240
5,0.065474,0.036578,0.028896,0.028890,10240
1,0.065483,0.036653,0.028830,0.028825,10240
3,0.065425,0.036862,0.028563,0.028560,10240
7,0.065453,0.036514,0.028939,0.028936,10240
