Rank,Total Time,Computation Time,Derived Communication Time,Measured Communication Time,Message Size
4,0.099797,0.034834,0.064963,0.064960,102400
0,0.099808,0.034478,0.065330,0.065325,102400
1,0.080572,0.035950,0.044622,0.044620,102400
5,0.080583,0.036379,0.044204,0.044201,102400
7,0.080592,0.037195,0.043397,0.043396,102400
3,0.080604,0.037000,0.043604,0.043600,102400
6,0.099836,0.034785,0.065051,0.065048,102400
2,0.099882,0.035100,0.064782,0.064776,102400
