Rank,Total Time,Computation Time,Derived Communication Time,Measured Communication Time,Message Size
0,0.078914,0.034756,0.044158,0.032093,10240
4,0.078909,0.034825,0.044084,0.032158,10240
1,0.061000,0.036419,0.024581,0.023375,10240
2,0.078898,0.034844,0.044054,0.031808,10240
6,0.078901,0.034765,0.044136,0.032202,10240
5,0.061003,0.036271,0.024732,0.023951,10240
3,0.061001,0.036739,0.024262,0.023489,10240
7,0.061012,0.036736,0.024276,0.023230,10240
