Rank,Total Time,Computation Time,Derived Communication Time,Measured Communication Time,Message Size
0,2.025138,1.989120,0.036018,0.036006,5792
4,2.025850,2.008814,0.017036,0.017014,5792
5,2.025178,1.979333,0.045845,0.045837,5792
1,2.024619,1.990936,0.033683,0.033666,5792
6,2.025756,2.005424,0.020332,0.020311,5792
2,2.025201,1.989979,0.035222,0.035212,5792
7,2.025577,1.998272,0.027305,0.027298,5792
3,2.024675,1.996833,0.027842,0.027826,5792
