Rank,Total Time,Computation Time,Derived Communication Time,Measured Communication Time,Message Size
4,2.060724,2.008012,0.052712,0.031656,57920
0,2.060620,1.996562,0.064058,0.051785,57920
2,2.060601,2.001915,0.058686,0.036687,57920
6,2.060217,1.993136,0.067081,0.055815,57920
7,2.047295,1.993300,0.053995,0.041334,57920
3,2.047256,1.992027,0.055229,0.041009,57920
1,2.047220,1.993179,0.054041,0.041564,57920
5,2.047431,1.996536,0.050895,0.037367,57920
