Rank,Total Time,Computation Time,Derived Communication Time,Measured Communication Time,Message Size
0,3.866653,3.832201,0.034452,0.022452,8192
4,3.866042,3.774848,0.091194,0.044952,8192
6,3.866877,3.797301,0.069576,0.057941,8192
2,3.866384,3.792778,0.073606,0.058239,8192
1,3.861044,3.774374,0.086670,0.077102,8192
7,3.861102,3.782986,0.078116,0.033855,8192
3,3.861239,3.786065,0.075174,0.032954,8192
5,3.860400,3.758413,0.101987,0.053319,8192
