Rank,Total Time,Computation Time,Derived Communication Time,Measured Communication Time,Message Size
4,0.913690,0.876565,0.037125,0.037107,40960
0,0.913762,0.880599,0.033163,0.033149,40960
1,0.913506,0.876683,0.036823,0.036805,40960
3,0.913486,0.878148,0.035338,0.035324,40960
7,0.913548,0.878081,0.035467,0.035457,40960
5,0.913781,0.877007,0.036774,0.036763,40960
6,0.913474,0.874300,0.039174,0.039150,40960
2,0.913568,0.881285,0.032283,0.032273,40960
