Rank,Total Time,Computation Time,Derived Communication Time,Measured Communication Time,Message Size
4,0.932123,0.876576,0.055547,0.026183,4096
0,0.932626,0.878835,0.053791,0.024740,4096
1,0.914175,0.874366,0.039809,0.037943,4096
5,0.913985,0.878648,0.035337,0.023492,4096
7,0.913880,0.876135,0.037745,0.035334,4096
3,0.914191,0.875826,0.038365,0.025632,4096
2,0.932432,0.876619,0.055813,0.024275,4096
6,0.932229,0.877211,0.055018,0.022933,4096
