Rank,Total Time,Computation Time,Derived Communication Time,Measured Communication Time,Message Size
4,1.278142,0.875921,0.402221,0.394831,409600
0,1.278127,0.877371,0.400756,0.393811,409600
3,1.273215,0.876696,0.396519,0.393789,409600
7,1.273245,0.872540,0.400705,0.395164,409600
5,1.273351,0.873999,0.399352,0.395451,409600
1,1.273347,0.876110,0.397237,0.394124,409600
2,1.277984,0.877133,0.400851,0.394624,409600
6,1.277965,0.871089,0.406876,0.397514,409600
