Rank,Total Time,Computation Time,Derived Communication Time,Measured Communication Time,Message Size
4,4.023356,3.775729,0.247627,0.208455,819200
0,4.024185,3.831044,0.193141,0.191468,819200
3,4.018470,3.784110,0.234360,0.206260,819200
7,4.016487,3.755327,0.261160,0.228681,819200
6,4.023529,3.775074,0.248455,0.245705,819200
2,4.024018,3.793776,0.230242,0.210163,819200
1,4.017746,3.778506,0.239240,0.231193,819200
5,4.017502,3.789830,0.227672,0.202090,819200
