Rank,Total Time,Computation Time,Derived Communication Time,Measured Communication Time,Message Size
0,2.287333,2.002426,0.284907,0.284903,579200
4,2.287313,2.006455,0.280858,0.280852,579200
3,2.276807,1.989265,0.287542,0.287539,579200
7,2.275776,1.999621,0.276155,0.276144,579200
2,2.288685,2.010053,0.278632,0.278623,579200
6,2.286358,1.983334,0.303024,0.303015,579200
1,2.277205,1.993431,0.283774,0.283769,579200
5,2.275378,1.972721,0.302657,0.302650,579200
