Rank,Total Time,Computation Time,Derived Communication Time,Measured Communication Time,Message Size
0,3.854928,3.796567,0.058361,0.058356,81920
4,3.854918,3.780426,0.074492,0.074484,81920
1,3.847712,3.787169,0.060543,0.060533,81920
6,3.856007,3.808064,0.047943,0.047936,81920
2,3.854769,3.796728,0.058041,0.058027,81920
5,3.846510,3.758402,0.088108,0.088105,81920
3,3.846443,3.785718,0.060725,0.060720,81920
7,3.847284,3.753953,0.093331,0.093324,81920
