Rank,Total Time,Computation Time,Derived Communication Time,Measured Communication Time,Message Size
0,0.516500,0.009589,0.506911,0.506911,512000
4,0.516450,0.009164,0.507286,0.507284,512000
3,0.495412,0.010320,0.485092,0.485089,512000
7,0.495379,0.009845,0.485534,0.485529,512000
2,0.514217,0.009823,0.504394,0.504390,512000
6,0.514186,0.009417,0.504769,0.504764,512000
5,0.497629,0.009650,0.487979,0.487972,512000
1,0.497686,0.010497,0.487189,0.487186,512000
