Rank,Total Time,Computation Time,Derived Communication Time,Measured Communication Time,Message Size
4,11.448941,3.794403,7.654538,7.654528,8192000
0,11.449181,3.802874,7.646307,7.646297,8192000
3,11.490197,3.798960,7.691237,7.691215,8192000
7,11.488444,3.784393,7.704051,7.704044,8192000
6,11.488252,3.793789,7.694463,7.694448,8192000
2,11.489315,3.787680,7.701635,7.701620,8192000
5,11.448376,3.767721,7.680655,7.680637,8192000
1,11.449070,3.781808,7.667262,7.667245,8192000
