Rank,Total Time,Computation Time,Derived Communication Time,Measured Communication Time,Message Size
0,0.178315,0.009188,0.169127,0.169123,512000
4,0.178250,0.009094,0.169156,0.169156,512000
1,0.159847,0.009767,0.150080,0.150071,512000
5,0.159812,0.010095,0.149717,0.149715,512000
2,0.178301,0.009157,0.169144,0.169141,512000
6,0.178310,0.009221,0.169089,0.169087,512000
7,0.159882,0.010040,0.149842,0.149837,512000
3,0.159810,0.008900,0.150910,0.150904,512000
