Rank,Total Time,Computation Time,Derived Communication Time,Measured Communication Time,Message Size
4,0.149569,0.035196,0.114373,0.114366,102400
0,0.149730,0.036684,0.113046,0.113041,102400
5,0.149579,0.036094,0.113485,0.113479,102400
3,0.148921,0.037752,0.111169,0.111163,102400
7,0.148803,0.036474,0.112329,0.112322,102400
1,0.149754,0.038423,0.111331,0.111323,102400
6,0.148805,0.035022,0.113783,0.113778,102400
2,0.148943,0.036288,0.112655,0.112648,102400
