Rank,Total Time,Computation Time,Derived Communication Time,Measured Communication Time,Message Size
4,0.061455,0.009597,0.051858,0.051854,5120
0,0.061464,0.009297,0.052167,0.052166,5120
2,0.061458,0.009359,0.052099,0.052095,5120
6,0.061445,0.009658,0.051787,0.051785,5120
5,0.041908,0.009468,0.032440,0.032439,5120
1,0.041919,0.009803,0.032116,0.032112,5120
3,0.041920,0.010023,0.031897,0.031894,5120
7,0.041906,0.009565,0.032341,0.032334,5120
