Rank,Total Time,Computation Time,Derived Communication Time,Measured Communication Time,Message Size
4,4.712965,0.876051,3.836914,3.836901,4096000
0,4.712897,0.877240,3.835657,3.835635,4096000
3,4.706220,0.878039,3.828181,3.828170,4096000
7,4.705683,0.874973,3.830710,3.830696,4096000
6,4.705689,0.873988,3.831701,3.831686,4096000
2,4.706369,0.878875,3.827494,3.827478,4096000
5,4.712822,0.872145,3.840677,3.840666,4096000
1,4.712844,0.877950,3.834894,3.834876,4096000
