Rank,Total Time,Computation Time,Derived Communication Time,Measured Communication Time,Message Size
0,0.097183,0.009212,0.087971,0.071497,51200
4,0.097169,0.008667,0.088502,0.071828,51200
1,0.077764,0.009815,0.067949,0.067524,51200
6,0.097170,0.009184,0.087986,0.070622,51200
2,0.097175,0.009374,0.087801,0.070757,51200
5,0.077756,0.009582,0.068174,0.061633,51200
7,0.077748,0.009429,0.068319,0.066392,51200
3,0.077720,0.008932,0.068788,0.061567,51200
