Rank,Total Time,Computation Time,Derived Communication Time,Measured Communication Time,Message Size
0,0.079123,0.034391,0.044732,0.044725,1024
4,0.079116,0.034454,0.044662,0.044657,1024
3,0.058274,0.036606,0.021668,0.021662,1024
7,0.058296,0.036544,0.021752,0.021743,1024
5,0.058257,0.035711,0.022546,0.022543,1024
1,0.058285,0.036691,0.021594,0.021592,1024
2,0.079125,0.034911,0.044214,0.044210,1024
6,0.079151,0.034798,0.044353,0.044350,1024
