Rank,Total Time,Computation Time,Derived Communication Time,Measured Communication Time,Message Size
4,4.181857,3.777123,0.404734,0.404720,819200
0,4.182421,3.790703,0.391718,0.391707,819200
1,4.182254,3.787349,0.394905,0.394881,819200
3,4.185487,3.785388,0.400099,0.400087,819200
7,4.185323,3.781341,0.403982,0.403973,819200
5,4.180666,3.762591,0.418075,0.418056,819200
6,4.185491,3.795431,0.390060,0.390047,819200
2,4.185455,3.793638,0.391817,0.391803,819200
