Rank,Total Time,Computation Time,Derived Communication Time,Measured Communication Time,Message Size
0,0.161504,0.036054,0.125450,0.125445,102400
4,0.161513,0.034883,0.126630,0.126625,102400
2,0.162427,0.035999,0.126428,0.126424,102400
6,0.162405,0.035245,0.127160,0.127156,102400
1,0.150248,0.037644,0.112604,0.112601,102400
5,0.150257,0.036891,0.113366,0.113364,102400
3,0.151099,0.037700,0.113399,0.113394,102400
7,0.151080,0.037079,0.114001,0.114001,102400
