Rank,Total Time,Computation Time,Derived Communication Time,Measured Communication Time,Message Size
4,1.864668,0.877341,0.987327,0.987317,4096000
0,1.864936,0.878547,0.986389,0.986381,4096000
6,1.864795,0.879978,0.984817,0.984809,4096000
2,1.864849,0.878502,0.986347,0.986334,4096000
3,1.850159,0.880247,0.969912,0.969903,4096000
7,1.849832,0.872529,0.977303,0.977295,4096000
5,1.850410,0.875289,0.975121,0.975113,4096000
1,1.850431,0.876998,0.973433,0.973422,4096000
