Rank,Total Time,Computation Time,Derived Communication Time,Measured Communication Time,Message Size
4,0.255146,0.228349,0.026797,0.026780,2048
0,0.255070,0.229414,0.025656,0.025638,2048
2,0.255104,0.229528,0.025576,0.025568,2048
6,0.255151,0.226947,0.028204,0.028188,2048
1,0.255126,0.229533,0.025593,0.025577,2048
5,0.255089,0.227033,0.028056,0.028039,2048
3,0.255155,0.229461,0.025694,0.025680,2048
7,0.255199,0.228891,0.026308,0.026293,2048
