Rank,Total Time,Computation Time,Derived Communication Time,Measured Communication Time,Message Size
4,7.663472,3.797257,3.866215,3.866206,8192000
0,7.663105,3.793988,3.869117,3.869107,8192000
6,7.639153,3.801030,3.838123,3.838120,8192000
2,7.636405,3.793282,3.843123,3.843121,8192000
1,7.663152,3.786878,3.876274,3.876268,8192000
5,7.662271,3.749817,3.912454,3.912445,8192000
7,7.638695,3.783806,3.854889,3.854881,8192000
3,7.635980,3.781698,3.854282,3.854277,8192000
