Rank,Total Time,Computation Time,Derived Communication Time,Measured Communication Time,Message Size
4,2.534481,2.006049,0.528432,0.528419,579200
0,2.533840,1.999569,0.534271,0.534257,579200
6,2.538079,2.006470,0.531609,0.531591,579200
2,2.537872,2.002405,0.535467,0.535448,579200
7,2.537646,1.986426,0.551220,0.551208,579200
3,2.537786,1.993852,0.543934,0.543916,579200
5,2.534055,1.981301,0.552754,0.552741,579200
1,2.533144,1.992913,0.540231,0.540210,579200
