Rank,Total Time,Computation Time,Derived Communication Time,Measured Communication Time,Message Size
4,2.066281,1.991229,0.075052,0.075037,57920
0,2.066732,2.003630,0.063102,0.063085,57920
2,2.065715,1.995756,0.069959,0.069941,57920
6,2.066266,1.998035,0.068231,0.068214,57920
1,2.066332,1.996710,0.069622,0.069602,57920
5,2.066385,1.990866,0.075519,0.075504,57920
3,2.065341,1.989989,0.075352,0.075334,57920
7,2.066420,1.997353,0.069067,0.069052,57920
