Rank,Total Time,Computation Time,Derived Communication Time,Measured Communication Time,Message Size
4,0.266217,0.227696,0.038521,0.038502,20480
0,0.266103,0.227825,0.038278,0.038265,20480
2,0.266164,0.227724,0.038440,0.038428,20480
6,0.266221,0.226535,0.039686,0.039663,20480
3,0.266185,0.227621,0.038564,0.038546,20480
7,0.266274,0.228292,0.037982,0.037968,20480
5,0.266163,0.226707,0.039456,0.039443,20480
1,0.266197,0.228254,0.037943,0.037926,20480
