Rank,Total Time,Computation Time,Derived Communication Time,Measured Communication Time,Message Size
0,0.719624,0.226879,0.492745,0.492727,2048000
4,0.719743,0.227057,0.492686,0.492669,2048000
1,0.719757,0.228687,0.491070,0.491050,2048000
6,0.719598,0.226093,0.493505,0.493491,2048000
2,0.719704,0.227439,0.492265,0.492250,2048000
5,0.719743,0.227416,0.492327,0.492309,2048000
7,0.719714,0.224861,0.494853,0.494846,2048000
3,0.719791,0.228451,0.491340,0.491329,2048000
