Rank,Total Time,Computation Time,Derived Communication Time,Measured Communication Time,Message Size
4,1.006502,0.877484,0.129018,0.129013,409600
0,1.006563,0.875609,0.130954,0.130947,409600
2,1.006672,0.875306,0.131366,0.131362,409600
6,1.006384,0.877878,0.128506,0.128502,409600
3,0.992222,0.876477,0.115745,0.115744,409600
7,0.991822,0.874536,0.117286,0.117284,409600
1,0.992182,0.875147,0.117035,0.117030,409600
5,0.991948,0.873247,0.118701,0.118695,409600
