Rank,Total Time,Computation Time,Derived Communication Time,Measured Communication Time,Message Size
4,0.452470,0.226730,0.225740,0.214873,204800
0,0.452499,0.227753,0.224746,0.214375,204800
3,0.435696,0.227173,0.208523,0.203239,204800
7,0.435785,0.228066,0.207719,0.202598,204800
1,0.435706,0.224789,0.210917,0.209431,204800
5,0.435665,0.224902,0.210763,0.209074,204800
6,0.452547,0.228494,0.224053,0.210447,204800
2,0.452477,0.228712,0.223765,0.209489,204800
