Rank,Total Time,Computation Time,Derived Communication Time,Measured Communication Time,Message Size
4,0.063072,0.009047,0.054025,0.031089,5120
0,0.063084,0.009369,0.053715,0.024678,5120
1,0.044822,0.011130,0.033692,0.032909,5120
6,0.063066,0.009361,0.053705,0.021161,5120
2,0.063068,0.009116,0.053952,0.031051,5120
5,0.044767,0.008420,0.036347,0.024262,5120
3,0.044806,0.009554,0.035252,0.024411,5120
7,0.044802,0.009668,0.035134,0.034352,5120
