Rank,Total Time,Computation Time,Derived Communication Time,Measured Communication Time,Message Size
4,0.997751,0.876322,0.121429,0.121412,409600
0,0.997736,0.879537,0.118199,0.118189,409600
3,0.997638,0.877098,0.120540,0.120524,409600
7,0.997631,0.876678,0.120953,0.120945,409600
6,0.997590,0.873474,0.124116,0.124097,409600
2,0.997613,0.879960,0.117653,0.117638,409600
5,0.997814,0.877062,0.120752,0.120739,409600
1,0.997517,0.875873,0.121644,0.121624,409600
