Rank,Total Time,Computation Time,Derived Communication Time,Measured Communication Time,Message Size
0,0.073123,0.009040,0.064083,0.046835,51200
4,0.073123,0.009107,0.064016,0.047392,51200
1,0.053452,0.008884,0.044568,0.042681,51200
2,0.073132,0.009211,0.063921,0.046609,51200
6,0.073142,0.009434,0.063708,0.046982,51200
5,0.053472,0.009452,0.044020,0.043252,51200
3,0.053459,0.009252,0.044207,0.042816,51200
7,0.053465,0.009378,0.044087,0.042709,51200
