Rank,Total Time,Computation Time,Derived Communication Time,Measured Communication Time,Message Size
4,0.908454,0.874673,0.033781,0.033769,40960
0,0.908595,0.879443,0.029152,0.029141,40960
1,0.908448,0.875904,0.032544,0.032531,40960
3,0.908381,0.878180,0.030201,0.030182,40960
7,0.908482,0.873944,0.034538,0.034524,40960
5,0.908521,0.877763,0.030758,0.030743,40960
6,0.908590,0.874822,0.033768,0.033749,40960
2,0.908567,0.877705,0.030862,0.030850,40960
