Rank,Total Time,Computation Time,Derived Communication Time,Measured Communication Time,Message Size
4,0.930733,0.874337,0.056396,0.029613,40960
0,0.931099,0.880889,0.050210,0.028147,40960
1,0.914625,0.876578,0.038047,0.033670,40960
5,0.914338,0.872721,0.041617,0.038005,40960
6,0.930683,0.873581,0.057102,0.032561,40960
2,0.930915,0.876925,0.053990,0.031693,40960
3,0.914664,0.877672,0.036992,0.032489,40960
7,0.914465,0.878000,0.036465,0.029766,40960
