Rank,Total Time,Computation Time,Derived Communication Time,Measured Communication Time,Message Size
0,0.313042,0.225044,0.087998,0.087991,204800
4,0.313366,0.228041,0.085325,0.085321,204800
2,0.313229,0.225898,0.087331,0.087322,204800
6,0.313241,0.225165,0.088076,0.088070,204800
1,0.292382,0.225744,0.066638,0.066637,204800
3,0.292508,0.228168,0.064340,0.064334,204800
7,0.292509,0.226262,0.066247,0.066239,204800
5,0.292672,0.229659,0.063013,0.063006,204800
