Rank,Total Time,Computation Time,Derived Communication Time,Measured Communication Time,Message Size
4,1.015940,0.875578,0.140362,0.118450,409600
0,1.015943,0.879752,0.136191,0.120683,409600
2,1.015774,0.879610,0.136164,0.113012,409600
6,1.015878,0.875508,0.140370,0.124556,409600
1,0.999679,0.878129,0.121550,0.115327,409600
5,0.999795,0.874336,0.125459,0.121714,409600
3,0.999561,0.877075,0.122486,0.120185,409600
7,0.999729,0.875869,0.123860,0.118319,409600
