Rank,Total Time,Computation Time,Derived Communication Time,Measured Communication Time,Message Size
4,0.263685,0.227706,0.035979,0.035965,20480
0,0.263701,0.226428,0.037273,0.037250,20480
2,0.263882,0.230728,0.033154,0.033143,20480
6,0.263824,0.227937,0.035887,0.035867,20480
3,0.263809,0.228266,0.035543,0.035523,20480
7,0.263826,0.228036,0.035790,0.035774,20480
5,0.263790,0.226607,0.037183,0.037165,20480
1,0.263853,0.228653,0.035200,0.035179,20480
