Rank,Total Time,Computation Time,Derived Communication Time,Measured Communication Time,Message Size
4,0.932525,0.876522,0.056003,0.055986,40960
0,0.932832,0.880042,0.052790,0.052776,40960
2,0.933009,0.878900,0.054109,0.054097,40960
6,0.932580,0.874336,0.058244,0.058232,40960
7,0.932611,0.876199,0.056412,0.056401,40960
3,0.932780,0.876553,0.056227,0.056215,40960
1,0.932698,0.875204,0.057494,0.057482,40960
5,0.932558,0.877244,0.055314,0.055297,40960
