Rank,Total Time,Computation Time,Derived Communication Time,Measured Communication Time,Message Size
4,0.061022,0.034895,0.026127,0.026125,1024
0,0.061019,0.036840,0.024179,0.024174,1024
7,0.061078,0.036684,0.024394,0.024392,1024
3,0.061077,0.037607,0.023470,0.023464,1024
2,0.061014,0.036454,0.024560,0.024555,1024
6,0.060993,0.033948,0.027045,0.027042,1024
1,0.061067,0.039630,0.021437,0.021432,1024
5,0.061071,0.036362,0.024709,0.024702,1024
