Rank,Total Time,Computation Time,Derived Communication Time,Measured Communication Time,Message Size
0,0.310012,0.037392,0.272620,0.272616,1024000
4,0.309732,0.035158,0.274574,0.274574,1024000
2,0.309892,0.036919,0.272973,0.272970,1024000
6,0.309791,0.035013,0.274778,0.274775,1024000
7,0.292813,0.036231,0.256582,0.256578,1024000
3,0.292875,0.038326,0.254549,0.254544,1024000
5,0.292785,0.036656,0.256129,0.256127,1024000
1,0.293070,0.038901,0.254169,0.254162,1024000
