Rank,Total Time,Computation Time,Derived Communication Time,Measured Communication Time,Message Size
0,0.549405,0.036721,0.512684,0.508982,1024000
4,0.549375,0.035199,0.514176,0.508916,1024000
2,0.549392,0.036697,0.512695,0.496036,1024000
6,0.549355,0.035023,0.514332,0.497048,1024000
7,0.533986,0.036759,0.497227,0.486060,1024000
3,0.533978,0.037344,0.496634,0.486267,1024000
1,0.533996,0.037979,0.496017,0.495430,1024000
5,0.533985,0.036689,0.497296,0.495585,1024000
