Rank,Total Time,Computation Time,Derived Communication Time,Measured Communication Time,Message Size
0,2.028337,1.997989,0.030348,0.030337,5792
4,2.028514,1.997082,0.031432,0.031427,5792
1,2.016052,1.987490,0.028562,0.028555,5792
3,2.016054,1.990516,0.025538,0.025536,5792
7,2.016493,1.999290,0.017203,0.017194,5792
5,2.016078,1.982793,0.033285,0.033280,5792
2,2.028503,1.996238,0.032265,0.032264,5792
6,2.028178,1.986477,0.041701,0.041695,5792
