Rank,Total Time,Computation Time,Derived Communication Time,Measured Communication Time,Message Size
0,0.345393,0.226698,0.118695,0.118681,204800
4,0.345502,0.227387,0.118115,0.118107,204800
3,0.344658,0.227707,0.116951,0.116937,204800
7,0.344634,0.226892,0.117742,0.117725,204800
1,0.345458,0.232029,0.113429,0.113410,204800
5,0.345411,0.226527,0.118884,0.118870,204800
6,0.344569,0.226872,0.117697,0.117674,204800
2,0.344614,0.226748,0.117866,0.117854,204800
