Rank,Total Time,Computation Time,Derived Communication Time,Measured Communication Time,Message Size
4,0.050630,0.009083,0.041547,0.041542,51200
0,0.050685,0.009505,0.041180,0.041174,51200
3,0.050722,0.009813,0.040909,0.040904,51200
7,0.050673,0.009529,0.041144,0.041142,51200
2,0.050657,0.009744,0.040913,0.040906,51200
6,0.050655,0.009182,0.041473,0.041465,51200
1,0.050809,0.010185,0.040624,0.040618,51200
5,0.050659,0.009450,0.041209,0.041206,51200
