Rank,Total Time,Computation Time,Derived Communication Time,Measured Communication Time,Message Size
0,0.739782,0.224468,0.515314,0.501303,2048000
4,0.739835,0.224918,0.514917,0.498217,2048000
3,0.722546,0.226101,0.496445,0.495212,2048000
7,0.722592,0.225774,0.496818,0.493415,2048000
5,0.722596,0.226192,0.496404,0.494810,2048000
6,0.739849,0.225160,0.514689,0.502320,2048000
2,0.739878,0.226789,0.513089,0.500738,2048000
1,0.722532,0.225047,0.497485,0.492338,2048000
