Rank,Total Time,Computation Time,Derived Communication Time,Measured Communication Time,Message Size
0,2.859932,0.882364,1.977568,1.977547,4096000
4,2.859696,0.876204,1.983492,1.983481,4096000
3,2.874534,0.878864,1.995670,1.995653,4096000
7,2.874402,0.874281,2.000121,2.000113,4096000
1,2.859807,0.879828,1.979979,1.979961,4096000
5,2.859635,0.875554,1.984081,1.984070,4096000
2,2.874716,0.878868,1.995848,1.995837,4096000
6,2.874217,0.872113,2.002104,2.002085,4096000
