Rank,Total Time,Computation Time,Derived Communication Time,Measured Communication Time,Message Size
0,11.466422,3.796589,7.669833,7.669829,8192000
4,11.466692,3.807384,7.659308,7.659302,8192000
3,11.433878,3.776762,7.657116,7.657108,8192000
7,11.434070,3.776317,7.657753,7.657747,8192000
1,11.466446,3.789219,7.677227,7.677224,8192000
5,11.466490,3.781930,7.684560,7.684552,8192000
2,11.434160,3.796086,7.638074,7.638066,8192000
6,11.434679,3.800590,7.634089,7.634086,8192000
