Rank,Total Time,Computation Time,Derived Communication Time,Measured Communication Time,Message Size
0,0.913512,0.877008,0.036504,0.024568,4096
4,0.913095,0.872183,0.040912,0.028930,4096
1,0.897505,0.875426,0.022079,0.019462,4096
2,0.913405,0.876806,0.036599,0.023960,4096
6,0.913323,0.876521,0.036802,0.024195,4096
5,0.897402,0.878033,0.019369,0.017371,4096
7,0.897329,0.876144,0.021185,0.018896,4096
3,0.897565,0.877162,0.020403,0.018795,4096
