Rank,Total Time,Computation Time,Derived Communication Time,Measured Communication Time,Message Size
0,3.820588,3.792021,0.028567,0.028548,8192
4,3.820394,3.780179,0.040215,0.040203,8192
6,3.820388,3.768456,0.051932,0.051918,8192
2,3.820745,3.795783,0.024962,0.024954,8192
7,3.820021,3.759555,0.060466,0.060454,8192
3,3.820562,3.785871,0.034691,0.034671,8192
5,3.820965,3.790180,0.030785,0.030773,8192
1,3.820657,3.788867,0.031790,0.031779,8192
