Rank,Total Time,Computation Time,Derived Communication Time,Measured Communication Time,Message Size
4,0.273146,0.226080,0.047066,0.033332,20480
0,0.273307,0.229584,0.043723,0.032035,20480
2,0.273132,0.227854,0.045278,0.033272,20480
6,0.273147,0.225686,0.047461,0.035053,20480
3,0.254165,0.228223,0.025942,0.024104,20480
7,0.253983,0.226989,0.026994,0.024229,20480
1,0.253945,0.227841,0.026104,0.024209,20480
5,0.253932,0.226621,0.027311,0.025070,20480
