Rank,Total Time,Computation Time,Derived Communication Time,Measured Communication Time,Message Size
4,0.066440,0.034815,0.031625,0.031618,10240
0,0.066410,0.035234,0.031176,0.031171,10240
5,0.066502,0.036049,0.030453,0.030445,10240
2,0.066431,0.034594,0.031837,0.031835,10240
6,0.066391,0.034954,0.031437,0.031435,10240
1,0.066480,0.035642,0.030838,0.030835,10240
7,0.066496,0.037100,0.029396,0.029392,10240
3,0.066511,0.036913,0.029598,0.029596,10240
