Rank,Total Time,Computation Time,Derived Communication Time,Measured Communication Time,Message Size
4,2.183791,0.225790,1.958001,1.938815,2048000
0,2.183855,0.226018,1.957837,1.938782,2048000
1,2.177307,0.226732,1.950575,1.931555,2048000
5,2.177276,0.226057,1.951219,1.932069,2048000
3,2.177248,0.224869,1.952379,1.937958,2048000
7,2.177253,0.225821,1.951432,1.938403,2048000
6,2.183850,0.226817,1.957033,1.944001,2048000
2,2.183857,0.226301,1.957556,1.943126,2048000
