Rank,Total Time,Computation Time,Derived Communication Time,Measured Communication Time,Message Size
0,0.031418,0.009438,0.021980,0.021975,512
4,0.031386,0.009041,0.022345,0.022341,512
1,0.031446,0.009955,0.021491,0.021483,512
2,0.031411,0.009417,0.021994,0.021992,512
6,0.031377,0.009418,0.021959,0.021954,512
5,0.031400,0.008538,0.022862,0.022855,512
3,0.031441,0.010235,0.021206,0.021202,512
7,0.031380,0.008674,0.022706,0.022703,512
