Rank,Total Time,Computation Time,Derived Communication Time,Measured Communication Time,Message Size
0,0.071346,0.009372,0.061974,0.036352,51200
4,0.071334,0.009089,0.062245,0.040930,51200
6,0.071334,0.009480,0.061854,0.033037,51200
2,0.071323,0.009125,0.062198,0.040349,51200
5,0.050288,0.009847,0.040441,0.039794,51200
1,0.050266,0.009437,0.040829,0.031612,51200
7,0.050268,0.009444,0.040824,0.031906,51200
3,0.050264,0.009454,0.040810,0.040093,51200
