Rank,Total Time,Computation Time,Derived Communication Time,Measured Communication Time,Message Size
4,0.917848,0.876863,0.040985,0.029031,4096
0,0.918238,0.878375,0.039863,0.028815,4096
1,0.899574,0.876760,0.022814,0.020737,4096
6,0.917803,0.876591,0.041212,0.029249,4096
2,0.917906,0.877368,0.040538,0.028754,4096
5,0.899376,0.876223,0.023153,0.020935,4096
3,0.899606,0.877321,0.022285,0.019781,4096
7,0.899436,0.875755,0.023681,0.020275,4096
