Rank,Total Time,Computation Time,Derived Communication Time,Measured Communication Time,Message Size
0,1.214146,0.225505,0.988641,0.988631,2048000
4,1.214266,0.227620,0.986646,0.986640,2048000
2,1.222325,0.227162,0.995163,0.995157,2048000
6,1.222282,0.225697,0.996585,0.996572,2048000
3,1.205332,0.226431,0.978901,0.978898,2048000
5,1.197192,0.229376,0.967816,0.967808,2048000
1,1.196683,0.225065,0.971618,0.971610,2048000
7,1.205367,0.224968,0.980399,0.980389,2048000
