Rank,Total Time,Computation Time,Derived Communication Time,Measured Communication Time,Message Size
4,3.396302,1.998758,1.397544,1.397526,5792000
0,3.400953,2.021652,1.379301,1.379283,5792000
1,3.398015,1.996216,1.401799,1.401781,5792000
3,3.397218,2.000606,1.396612,1.396592,5792000
7,3.396822,1.979319,1.417503,1.417484,5792000
5,3.397249,1.995350,1.401899,1.401883,5792000
6,3.395770,1.998308,1.397462,1.397444,5792000
2,3.396866,1.995424,1.401442,1.401423,5792000
