Rank,Total Time,Computation Time,Derived Communication Time,Measured Communication Time,Message Size
0,1.278573,0.877312,0.401261,0.401256,409600
4,1.278208,0.872821,0.405387,0.405382,409600
3,1.265567,0.877736,0.387831,0.387812,409600
7,1.264763,0.869810,0.394953,0.394944,409600
2,1.276457,0.877130,0.399327,0.399323,409600
6,1.275743,0.874645,0.401098,0.401084,409600
1,1.267661,0.875759,0.391902,0.391897,409600
5,1.267288,0.871546,0.395742,0.395740,409600
