Rank,Total Time,Computation Time,Derived Communication Time,Measured Communication Time,Message Size
0,0.089029,0.035248,0.053781,0.053771,102400
4,0.089025,0.034889,0.054136,0.054129,102400
3,0.089106,0.036742,0.052364,0.052361,102400
7,0.089119,0.036592,0.052527,0.052524,102400
2,0.089010,0.035241,0.053769,0.053766,102400
6,0.089063,0.035118,0.053945,0.053939,102400
5,0.089109,0.036273,0.052836,0.052832,102400
1,0.089111,0.036642,0.052469,0.052464,102400
