Rank,Total Time,Computation Time,Derived Communication Time,Measured Communication Time,Message Size
4,0.272755,0.225963,0.046792,0.030044,2048
0,0.272754,0.227803,0.044951,0.028945,2048
1,0.252187,0.227393,0.024794,0.016724,2048
6,0.272886,0.229392,0.043494,0.026947,2048
2,0.272777,0.226847,0.045930,0.027977,2048
5,0.252185,0.225180,0.027005,0.023530,2048
3,0.252202,0.227398,0.024804,0.021728,2048
7,0.252260,0.226683,0.025577,0.019352,2048
