Rank,Total Time,Computation Time,Derived Communication Time,Measured Communication Time,Message Size
0,4.724996,0.880073,3.844923,3.844919,4096000
4,4.723991,0.869603,3.854388,3.854382,4096000
1,4.702869,0.877181,3.825688,3.825680,4096000
2,4.751091,0.877019,3.874072,3.874064,4096000
6,4.751191,0.873598,3.877593,3.877578,4096000
5,4.702028,0.871183,3.830845,3.830838,4096000
3,4.729081,0.877396,3.851685,3.851682,4096000
7,4.729092,0.876804,3.852288,3.852282,4096000
