Rank,Total Time,Computation Time,Derived Communication Time,Measured Communication Time,Message Size
4,0.431480,0.227633,0.203847,0.203839,204800
0,0.431470,0.226871,0.204599,0.204583,204800
5,0.431530,0.227018,0.204512,0.204502,204800
2,0.432948,0.225685,0.207263,0.207251,204800
6,0.433107,0.227212,0.205895,0.205876,204800
1,0.431459,0.226774,0.204685,0.204664,204800
7,0.433067,0.226113,0.206954,0.206939,204800
3,0.433005,0.226610,0.206395,0.206385,204800
