Rank,Total Time,Computation Time,Derived Communication Time,Measured Communication Time,Message Size
0,0.068624,0.034839,0.033785,0.033785,1024
4,0.068623,0.034831,0.033792,0.033788,1024
3,0.056755,0.036651,0.020104,0.020100,1024
7,0.056781,0.036975,0.019806,0.019806,1024
6,0.068625,0.034837,0.033788,0.033785,1024
2,0.068563,0.033921,0.034642,0.034639,1024
1,0.056756,0.036307,0.020449,0.020445,1024
5,0.056756,0.036321,0.020435,0.020431,1024
