Rank,Total Time,Computation Time,Derived Communication Time,Measured Communication Time,Message Size
4,4.769918,1.992227,2.777691,2.777677,5792000
0,4.769898,1.999646,2.770252,2.770235,5792000
2,4.750558,1.994641,2.755917,2.755908,5792000
6,4.749785,1.978661,2.771124,2.771107,5792000
3,4.750494,1.992516,2.757978,2.757962,5792000
7,4.750149,1.988940,2.761209,2.761190,5792000
5,4.770288,1.996492,2.773796,2.773786,5792000
1,4.769773,1.991986,2.777787,2.777774,5792000
