Rank,Total Time,Computation Time,Derived Communication Time,Measured Communication Time,Message Size
0,3.836729,3.798329,0.038400,0.038395,8192
4,3.838051,3.807236,0.030815,0.030804,8192
3,3.831867,3.791300,0.040567,0.040561,8192
7,3.830900,3.782835,0.048065,0.048056,8192
6,3.837204,3.777421,0.059783,0.059775,8192
2,3.838256,3.801598,0.036658,0.036653,8192
5,3.831346,3.751005,0.080341,0.080335,8192
1,3.831790,3.797093,0.034697,0.034692,8192
