Rank,Total Time,Computation Time,Derived Communication Time,Measured Communication Time,Message Size
0,2.056258,1.998351,0.057907,0.032254,5792
4,2.056237,1.992735,0.063502,0.043298,5792
3,2.044034,1.988607,0.055427,0.044206,5792
7,2.044124,1.986378,0.057746,0.050759,5792
2,2.056590,2.010260,0.046330,0.025685,5792
6,2.056618,2.004478,0.052140,0.021767,5792
1,2.043899,1.988076,0.055823,0.042101,5792
5,2.044206,1.989126,0.055080,0.028482,5792
