Rank,Total Time,Computation Time,Derived Communication Time,Measured Communication Time,Message Size
0,3.409324,2.002489,1.406835,1.394412,5792000
4,3.409455,1.999657,1.409798,1.397128,5792000
1,3.401821,1.989683,1.412138,1.386846,5792000
7,3.401934,1.990383,1.411551,1.406587,5792000
3,3.401726,1.989657,1.412069,1.404951,5792000
5,3.401590,1.977880,1.423710,1.399803,5792000
2,3.409557,2.004437,1.405120,1.391529,5792000
6,3.409740,2.006921,1.402819,1.396088,5792000
