Rank,Total Time,Computation Time,Derived Communication Time,Measured Communication Time,Message Size
4,0.054638,0.035251,0.019387,0.019381,1024
0,0.054622,0.035385,0.019237,0.019234,1024
2,0.054620,0.035377,0.019243,0.019239,1024
6,0.054836,0.035618,0.019218,0.019211,1024
7,0.054899,0.037409,0.017490,0.017489,1024
3,0.054674,0.037237,0.017437,0.017435,1024
1,0.054678,0.036664,0.018014,0.018007,1024
5,0.054891,0.036346,0.018545,0.018536,1024
