Rank,Total Time,Computation Time,Derived Communication Time,Measured Communication Time,Message Size
4,0.041625,0.009101,0.032524,0.032522,5120
0,0.041648,0.009057,0.032591,0.032586,5120
3,0.041666,0.009912,0.031754,0.031750,5120
7,0.041642,0.009055,0.032587,0.032581,5120
1,0.041671,0.010039,0.031632,0.031623,5120
6,0.041621,0.009065,0.032556,0.032552,5120
2,0.041648,0.009377,0.032271,0.032263,5120
5,0.041672,0.009924,0.031748,0.031741,5120
