Rank,Total Time,Computation Time,Derived Communication Time,Measured Communication Time,Message Size
4,0.052573,0.009032,0.043541,0.043538,512
0,0.052562,0.008257,0.044305,0.044301,512
3,0.030824,0.009886,0.020938,0.020935,512
7,0.030844,0.010005,0.020839,0.020835,512
1,0.030838,0.010074,0.020764,0.020764,512
2,0.052590,0.009609,0.042981,0.042980,512
6,0.052604,0.009477,0.043127,0.043127,512
5,0.030829,0.009467,0.021362,0.021359,512
