Rank,Total Time,Computation Time,Derived Communication Time,Measured Communication Time,Message Size
0,2.035918,1.993045,0.042873,0.042868,5792
4,2.036592,2.002690,0.033902,0.033897,5792
1,2.019780,1.982406,0.037374,0.037367,5792
7,2.020033,1.983519,0.036514,0.036509,5792
3,2.020380,1.991648,0.028732,0.028729,5792
5,2.020300,1.978534,0.041766,0.041761,5792
2,2.036453,1.993753,0.042700,0.042694,5792
6,2.036322,1.990151,0.046171,0.046161,5792
