Rank,Total Time,Computation Time,Derived Communication Time,Measured Communication Time,Message Size
4,4.583212,3.802695,0.780517,0.776069,819200
0,4.582951,3.799558,0.783393,0.776970,819200
1,4.581958,3.786822,0.795136,0.789676,819200
2,4.583043,3.801956,0.781087,0.760361,819200
6,4.582647,3.775333,0.807314,0.773438,819200
5,4.581345,3.764467,0.816878,0.812384,819200
7,4.581265,3.758994,0.822271,0.789697,819200
3,4.581909,3.789790,0.792119,0.773666,819200
