Rank,Total Time,Computation Time,Derived Communication Time,Measured Communication Time,Message Size
4,0.102761,0.034952,0.067809,0.067804,102400
0,0.102779,0.035231,0.067548,0.067545,102400
3,0.102679,0.036874,0.065805,0.065802,102400
7,0.102571,0.035776,0.066795,0.066788,102400
1,0.102840,0.036835,0.066005,0.065998,102400
5,0.102811,0.036538,0.066273,0.066270,102400
6,0.102467,0.034798,0.067669,0.067663,102400
2,0.102637,0.035387,0.067250,0.067248,102400
