Rank,Total Time,Computation Time,Derived Communication Time,Measured Communication Time,Message Size
0,2.163814,0.227326,1.936488,1.936481,2048000
4,2.164045,0.227600,1.936445,1.936443,2048000
3,2.149164,0.226311,1.922853,1.922845,2048000
7,2.149269,0.227064,1.922205,1.922199,2048000
2,2.167260,0.226524,1.940736,1.940730,2048000
6,2.167281,0.225005,1.942276,1.942268,2048000
1,2.145708,0.227513,1.918195,1.918193,2048000
5,2.145867,0.224960,1.920907,1.920897,2048000
