Rank,Total Time,Computation Time,Derived Communication Time,Measured Communication Time,Message Size
4,3.885365,3.772631,0.112734,0.112719,81920
0,3.886285,3.800741,0.085544,0.085534,81920
1,3.886375,3.787311,0.099064,0.099049,81920
7,3.885947,3.777826,0.108121,0.108104,81920
3,3.886262,3.784934,0.101328,0.101282,81920
5,3.885477,3.785774,0.099703,0.099686,81920
6,3.886238,3.794919,0.091319,0.091306,81920
2,3.886247,3.792770,0.093477,0.093455,81920
