Rank,Total Time,Computation Time,Derived Communication Time,Measured Communication Time,Message Size
0,3.821127,3.793600,0.027527,0.027521,8192
4,3.820618,3.781345,0.039273,0.039259,8192
1,3.820100,3.784510,0.035590,0.035583,8192
5,3.819712,3.775697,0.044015,0.044007,8192
7,3.818629,3.755823,0.062806,0.062800,8192
3,3.820119,3.786068,0.034051,0.034043,8192
6,3.820982,3.778884,0.042098,0.042092,8192
2,3.821483,3.791163,0.030320,0.030317,8192
