Rank,Total Time,Computation Time,Derived Communication Time,Measured Communication Time,Message Size
0,0.948649,0.877519,0.071130,0.071120,40960
4,0.948825,0.878191,0.070634,0.070628,40960
6,0.948779,0.877872,0.070907,0.070895,40960
2,0.948718,0.877756,0.070962,0.070957,40960
1,0.934122,0.879944,0.054178,0.054174,40960
5,0.934020,0.875899,0.058121,0.058110,40960
7,0.933960,0.869530,0.064430,0.064423,40960
3,0.934294,0.883685,0.050609,0.050605,40960
