Rank,Total Time,Computation Time,Derived Communication Time,Measured Communication Time,Message Size
0,0.275607,0.227787,0.047820,0.027668,20480
4,0.275538,0.225465,0.050073,0.036824,20480
3,0.257331,0.227546,0.029785,0.028225,20480
7,0.257346,0.227893,0.029453,0.026976,20480
5,0.257346,0.227106,0.030240,0.028400,20480
1,0.257380,0.227164,0.030216,0.027276,20480
2,0.275587,0.228017,0.047570,0.034602,20480
6,0.275520,0.227059,0.048461,0.025090,20480
