Rank,Total Time,Computation Time,Derived Communication Time,Measured Communication Time,Message Size
0,2.084987,1.998017,0.086970,0.069682,57920
4,2.084558,1.994191,0.090367,0.072709,57920
2,2.084782,2.001786,0.082996,0.068165,57920
6,2.084763,2.001894,0.082869,0.065724,57920
3,2.074444,1.989268,0.085176,0.082671,57920
7,2.074786,1.992256,0.082530,0.075190,57920
1,2.074564,1.987717,0.086847,0.079816,57920
5,2.074519,1.984433,0.090086,0.085228,57920
