Rank,Total Time,Computation Time,Derived Communication Time,Measured Communication Time,Message Size
0,2.050026,1.996711,0.053315,0.053309,57920
4,2.050254,2.004338,0.045916,0.045909,57920
3,2.050919,1.991347,0.059572,0.059568,57920
7,2.048375,1.987565,0.060810,0.060797,57920
2,2.050938,2.004510,0.046428,0.046418,57920
6,2.049902,2.003128,0.046774,0.046768,57920
1,2.050635,1.989092,0.061543,0.061534,57920
5,2.050257,1.973455,0.076802,0.076794,57920
