Rank,Total Time,Computation Time,Derived Communication Time,Measured Communication Time,Message Size
4,0.529788,0.035225,0.494563,0.494559,1024000
0,0.529812,0.036936,0.492876,0.492870,1024000
1,0.529868,0.038366,0.491502,0.491492,1024000
5,0.529832,0.036558,0.493274,0.493270,1024000
6,0.533758,0.035176,0.498582,0.498577,1024000
2,0.533763,0.036220,0.497543,0.497536,1024000
3,0.533845,0.038632,0.495213,0.495207,1024000
7,0.533822,0.036978,0.496844,0.496839,1024000
