Rank,Total Time,Computation Time,Derived Communication Time,Measured Communication Time,Message Size
0,0.042775,0.009511,0.033264,0.033263,5120
4,0.042756,0.009374,0.033382,0.033379,5120
2,0.042767,0.009306,0.033461,0.033460,5120
6,0.042776,0.009722,0.033054,0.033049,5120
1,0.031203,0.010048,0.021155,0.021151,5120
3,0.031198,0.009669,0.021529,0.021524,5120
7,0.031194,0.009683,0.021511,0.021510,5120
5,0.031192,0.010346,0.020846,0.020843,5120
