Rank,Total Time,Computation Time,Derived Communication Time,Measured Communication Time,Message Size
4,0.325702,0.225330,0.100372,0.073630,204800
0,0.325739,0.228027,0.097712,0.065708,204800
7,0.311464,0.228509,0.082955,0.081441,204800
3,0.311375,0.226505,0.084870,0.071306,204800
2,0.325614,0.227297,0.098317,0.073368,204800
6,0.325752,0.226428,0.099324,0.064752,204800
1,0.311395,0.226952,0.084443,0.082155,204800
5,0.311393,0.226108,0.085285,0.070139,204800
