Rank,Total Time,Computation Time,Derived Communication Time,Measured Communication Time,Message Size
4,0.927735,0.875735,0.052000,0.051993,40960
0,0.927908,0.879143,0.048765,0.048760,40960
1,0.910588,0.877718,0.032870,0.032861,40960
5,0.910179,0.871666,0.038513,0.038511,40960
3,0.910536,0.878654,0.031882,0.031877,40960
7,0.909977,0.871298,0.038679,0.038674,40960
6,0.927793,0.877343,0.050450,0.050443,40960
2,0.927842,0.876590,0.051252,0.051242,40960
