Rank,Total Time,Computation Time,Derived Communication Time,Measured Communication Time,Message Size
4,25.892108,25.577424,0.314684,0.314673,579200
0,25.895430,25.685159,0.210271,0.210268,579200
1,25.878999,25.710446,0.168553,0.168547,579200
5,25.874647,25.598468,0.276179,0.276169,579200
7,25.875863,25.602901,0.272962,0.272957,579200
3,25.878549,25.694624,0.183925,0.183922,579200
6,25.890240,25.585940,0.304300,0.304296,579200
2,25.896338,25.703314,0.193024,0.193020,579200
