Rank,Total Time,Computation Time,Derived Communication Time,Measured Communication Time,Message Size
4,25.749728,25.568642,0.181086,0.142341,5792
0,25.753486,25.690672,0.062814,0.034537,5792
1,25.736113,25.700154,0.035959,0.032216,5792
5,25.732266,25.592254,0.140012,0.136954,5792
3,25.736145,25.708813,0.027332,0.025826,5792
7,25.731920,25.578096,0.153824,0.138665,5792
6,25.749991,25.579651,0.170340,0.127288,5792
2,25.753851,25.691803,0.062048,0.038273,5792
