Rank,Total Time,Computation Time,Derived Communication Time,Measured Communication Time,Message Size
4,0.907612,0.794316,0.113296,0.113293,102400
0,0.907705,0.798319,0.109386,0.109383,102400
5,0.907617,0.794722,0.112895,0.112888,102400
1,0.907672,0.796344,0.111328,0.111322,102400
3,0.907113,0.797858,0.109255,0.109248,102400
7,0.906882,0.793436,0.113446,0.113439,102400
6,0.906915,0.795537,0.111378,0.111374,102400
2,0.906998,0.798959,0.108039,0.108034,102400
