Rank,Total Time,Computation Time,Derived Communication Time,Measured Communication Time,Message Size
0,0.239349,0.198778,0.040571,0.040567,51200
4,0.239327,0.198284,0.041043,0.041038,51200
2,0.239324,0.199317,0.040007,0.040001,51200
6,0.239289,0.198000,0.041289,0.041277,51200
3,0.239345,0.199331,0.040014,0.040010,51200
7,0.239314,0.197688,0.041626,0.041623,51200
5,0.239352,0.198066,0.041286,0.041281,51200
1,0.239344,0.198776,0.040568,0.040559,51200
