Rank,Total Time,Computation Time,Derived Communication Time,Measured Communication Time,Message Size
4,3.243662,3.198251,0.045411,0.045392,20480
0,3.243893,3.213641,0.030252,0.030238,20480
2,3.244471,3.214230,0.030241,0.030230,20480
6,3.242275,3.196817,0.045458,0.045447,20480
1,3.242611,3.208129,0.034482,0.034465,20480
5,3.242019,3.196534,0.045485,0.045467,20480
7,3.241828,3.195731,0.046097,0.046079,20480
3,3.243900,3.210900,0.033000,0.032986,20480
