Rank,Total Time,Computation Time,Derived Communication Time,Measured Communication Time,Message Size
4,0.241876,0.198187,0.043689,0.032368,5120
0,0.241949,0.198503,0.043446,0.031545,5120
1,0.222338,0.198667,0.023671,0.021807,5120
5,0.222272,0.198193,0.024079,0.023100,5120
2,0.241962,0.199008,0.042954,0.031248,5120
3,0.222353,0.199322,0.023031,0.022108,5120
7,0.222258,0.197935,0.024323,0.022621,5120
6,0.241867,0.197728,0.044139,0.031778,5120
