Rank,Total Time,Computation Time,Derived Communication Time,Measured Communication Time,Message Size
4,0.219607,0.198213,0.021394,0.021389,512
0,0.219628,0.202291,0.017337,0.017333,512
3,0.219642,0.200811,0.018831,0.018826,512
7,0.219580,0.199592,0.019988,0.019985,512
2,0.219644,0.201075,0.018569,0.018565,512
6,0.219598,0.199098,0.020500,0.020493,512
5,0.219601,0.198204,0.021397,0.021392,512
1,0.219620,0.199002,0.020618,0.020613,512
