Rank,Total Time,Computation Time,Derived Communication Time,Measured Communication Time,Message Size
4,0.831595,0.793774,0.037821,0.037815,5120
0,0.831656,0.795816,0.035840,0.035837,5120
3,0.814061,0.796861,0.017200,0.017198,5120
7,0.813930,0.793364,0.020566,0.020563,5120
5,0.813982,0.794956,0.019026,0.019022,5120
1,0.814014,0.796886,0.017128,0.017125,5120
6,0.831499,0.793110,0.038389,0.038384,5120
2,0.831689,0.796616,0.035073,0.035070,5120
