Rank,Total Time,Computation Time,Derived Communication Time,Measured Communication Time,Message Size
4,51.385621,51.121385,0.264236,0.216916,8192
0,51.392294,51.329698,0.062596,0.037797,8192
3,51.379387,51.336106,0.043281,0.037260,8192
7,51.374462,51.163372,0.211090,0.195812,8192
1,51.380205,51.343473,0.036732,0.034792,8192
5,51.374239,51.154285,0.219954,0.193596,8192
6,51.385800,51.120692,0.265108,0.221396,8192
2,51.392198,51.315951,0.076247,0.058933,8192
