Rank,Total Time,Computation Time,Derived Communication Time,Measured Communication Time,Message Size
4,51.422573,51.109161,0.313412,0.270566,8192
0,51.430313,51.346652,0.083661,0.046475,8192
1,51.421779,51.336125,0.085654,0.080875,8192
5,51.417750,51.160075,0.257675,0.255502,8192
3,51.424169,51.401838,0.022331,0.021558,8192
7,51.417719,51.143956,0.273763,0.205019,8192
2,51.429451,51.368491,0.060960,0.052130,8192
6,51.423590,51.129508,0.294082,0.228127,8192
