Rank,Total Time,Computation Time,Derived Communication Time,Measured Communication Time,Message Size
4,0.231815,0.198228,0.033587,0.033584,5120
0,0.231805,0.198622,0.033183,0.033178,5120
3,0.220112,0.199632,0.020480,0.020476,5120
7,0.220070,0.197817,0.022253,0.022249,5120
2,0.231811,0.199135,0.032676,0.032671,5120
5,0.220127,0.198670,0.021457,0.021452,5120
1,0.220103,0.198744,0.021359,0.021353,5120
6,0.231758,0.197791,0.033967,0.033964,5120
