Rank,Total Time,Computation Time,Derived Communication Time,Measured Communication Time,Message Size
4,51.432871,51.108882,0.323989,0.323983,409600
0,51.440737,51.334859,0.105878,0.105874,409600
2,51.442038,51.330666,0.111372,0.111366,409600
6,51.432409,51.127511,0.304898,0.304883,409600
5,51.428579,51.165892,0.262687,0.262679,409600
1,51.433331,51.314412,0.118919,0.118914,409600
7,51.426314,51.155536,0.270778,0.270766,409600
3,51.434629,51.350097,0.084532,0.084526,409600
