Rank,Total Time,Computation Time,Derived Communication Time,Measured Communication Time,Message Size
4,3.253814,3.196950,0.056864,0.056855,10240
0,3.254637,3.216712,0.037925,0.037921,10240
2,3.254716,3.216209,0.038507,0.038502,10240
6,3.253885,3.195234,0.058651,0.058638,10240
3,3.245012,3.219521,0.025491,0.025487,10240
7,3.244004,3.198474,0.045530,0.045524,10240
1,3.244749,3.213080,0.031669,0.031663,10240
5,3.244145,3.198853,0.045292,0.045285,10240
