Rank,Total Time,Computation Time,Derived Communication Time,Measured Communication Time,Message Size
0,0.833358,0.799087,0.034271,0.034266,5120
4,0.831615,0.793762,0.037853,0.037849,5120
6,0.832008,0.793898,0.038110,0.038106,5120
2,0.832815,0.797703,0.035112,0.035107,5120
5,0.819245,0.794802,0.024443,0.024438,5120
1,0.820630,0.795256,0.025374,0.025372,5120
3,0.820224,0.797652,0.022572,0.022569,5120
7,0.819044,0.793971,0.025073,0.025067,5120
