Rank,Total Time,Computation Time,Derived Communication Time,Measured Communication Time,Message Size
4,51.364686,51.125609,0.239077,0.224652,8192
0,51.370091,51.330233,0.039858,0.029577,8192
1,51.370047,51.328779,0.041268,0.037433,8192
5,51.365673,51.170042,0.195631,0.188946,8192
2,51.370101,51.338972,0.031129,0.028650,8192
6,51.364591,51.126420,0.238171,0.214862,8192
7,51.365328,51.151575,0.213753,0.188751,8192
3,51.370984,51.347176,0.023808,0.022650,8192
