Rank,Total Time,Computation Time,Derived Communication Time,Measured Communication Time,Message Size
0,0.242767,0.198812,0.043955,0.022612,512
4,0.242766,0.198125,0.044641,0.022808,512
2,0.242775,0.198599,0.044176,0.023727,512
6,0.242749,0.197656,0.045093,0.023875,512
3,0.224562,0.198920,0.025642,0.014279,512
7,0.224536,0.197774,0.026762,0.024597,512
5,0.224555,0.198131,0.026424,0.015208,512
1,0.224552,0.198398,0.026154,0.025388,512
