Rank,Total Time,Computation Time,Derived Communication Time,Measured Communication Time,Message Size
4,12.890734,12.756516,0.134218,0.089615,4096
0,12.894903,12.830819,0.064084,0.027414,4096
1,12.878965,12.835794,0.043171,0.028689,4096
5,12.875046,12.764282,0.110764,0.105698,4096
7,12.874984,12.762677,0.112307,0.090252,4096
3,12.879062,12.839289,0.039773,0.038774,4096
2,12.895088,12.829269,0.065819,0.032378,4096
6,12.890575,12.754050,0.136525,0.089682,4096
