Rank,Total Time,Computation Time,Derived Communication Time,Measured Communication Time,Message Size
4,0.929900,0.794453,0.135447,0.116943,102400
0,0.929935,0.796070,0.133865,0.116835,102400
2,0.929990,0.797409,0.132581,0.118620,102400
6,0.929876,0.793139,0.136737,0.120430,102400
3,0.909690,0.797840,0.111850,0.111490,102400
7,0.909574,0.793362,0.116212,0.109209,102400
1,0.909654,0.797039,0.112615,0.105168,102400
5,0.909603,0.794411,0.115192,0.110270,102400
