Rank,Total Time,Computation Time,Derived Communication Time,Measured Communication Time,Message Size
4,0.872796,0.793802,0.078994,0.078990,51200
0,0.872787,0.796565,0.076222,0.076218,51200
1,0.856900,0.796695,0.060205,0.060199,51200
2,0.873033,0.797511,0.075522,0.075521,51200
6,0.872884,0.793189,0.079695,0.079692,51200
5,0.856828,0.794784,0.062044,0.062041,51200
3,0.857182,0.798905,0.058277,0.058273,51200
7,0.857053,0.793583,0.063470,0.063468,51200
