Rank,Total Time,Computation Time,Derived Communication Time,Measured Communication Time,Message Size
4,0.255152,0.198028,0.057124,0.057124,25600
0,0.255181,0.198371,0.056810,0.056806,25600
2,0.255200,0.198655,0.056545,0.056542,25600
6,0.255164,0.197739,0.057425,0.057419,25600
5,0.236348,0.198168,0.038180,0.038179,25600
1,0.236506,0.199239,0.037267,0.037267,25600
7,0.236346,0.198802,0.037544,0.037542,25600
3,0.236396,0.199982,0.036414,0.036411,25600
