Rank,Total Time,Computation Time,Derived Communication Time,Measured Communication Time,Message Size
4,51.398261,51.143076,0.255185,0.255179,81920
0,51.404625,51.320653,0.083972,0.083965,81920
3,51.399920,51.361845,0.038075,0.038072,81920
7,51.391308,51.149706,0.241602,0.241597,81920
1,51.398902,51.344287,0.054615,0.054609,81920
5,51.391834,51.130065,0.261769,0.261757,81920
6,51.394918,51.099891,0.295027,0.295025,81920
2,51.406287,51.317925,0.088362,0.088354,81920
