Rank,Total Time,Computation Time,Derived Communication Time,Measured Communication Time,Message Size
4,51.411788,51.119683,0.292105,0.292087,81920
0,51.420204,51.357116,0.063088,0.063075,81920
7,51.411311,51.130546,0.280765,0.280752,81920
3,51.420440,51.357433,0.063007,0.062988,81920
2,51.420385,51.343409,0.076976,0.076959,81920
6,51.412685,51.137699,0.274986,0.274979,81920
5,51.411808,51.119203,0.292605,0.292582,81920
1,51.420250,51.350457,0.069793,0.069777,81920
