Rank,Total Time,Computation Time,Derived Communication Time,Measured Communication Time,Message Size
0,0.243433,0.198405,0.045028,0.045023,25600
4,0.243490,0.198096,0.045394,0.045392,25600
6,0.243437,0.197689,0.045748,0.045747,25600
2,0.243470,0.198846,0.044624,0.044618,25600
3,0.224592,0.198985,0.025607,0.025603,25600
7,0.224590,0.198323,0.026267,0.026264,25600
1,0.224567,0.199691,0.024876,0.024876,25600
5,0.224611,0.199081,0.025530,0.025529,25600
