Rank,Total Time,Computation Time,Derived Communication Time,Measured Communication Time,Message Size
4,25.893266,25.585775,0.307491,0.307485,289600
0,25.897845,25.699371,0.198474,0.198473,289600
6,25.892795,25.583253,0.309542,0.309535,289600
2,25.897450,25.685074,0.212376,0.212363,289600
5,25.881523,25.581508,0.300015,0.300006,289600
1,25.886086,25.693301,0.192785,0.192780,289600
7,25.881602,25.589894,0.291708,0.291699,289600
3,25.885965,25.703206,0.182759,0.182751,289600
