Rank,Total Time,Computation Time,Derived Communication Time,Measured Communication Time,Message Size
4,0.839275,0.793739,0.045536,0.045530,1024
0,0.839475,0.796266,0.043209,0.043205,1024
1,0.819322,0.796078,0.023244,0.023242,1024
5,0.819040,0.794561,0.024479,0.024472,1024
3,0.819372,0.797891,0.021481,0.021477,1024
7,0.819228,0.794426,0.024802,0.024798,1024
2,0.839502,0.797676,0.041826,0.041819,1024
6,0.839349,0.794209,0.045140,0.045134,1024
