Rank,Total Time,Computation Time,Derived Communication Time,Measured Communication Time,Message Size
4,3.275949,3.196810,0.079139,0.040584,2048
0,3.276303,3.213198,0.063105,0.036244,2048
3,3.257788,3.219156,0.038632,0.035795,2048
7,3.257195,3.197554,0.059641,0.041345,2048
5,3.257216,3.197766,0.059450,0.052141,2048
1,3.257706,3.218243,0.039463,0.028583,2048
2,3.276355,3.213638,0.062717,0.030087,2048
6,3.275947,3.195582,0.080365,0.045398,2048
