Rank,Total Time,Computation Time,Derived Communication Time,Measured Communication Time,Message Size
4,3.262895,3.196217,0.066678,0.066673,2048
0,3.263738,3.215903,0.047835,0.047828,2048
3,3.242606,3.219651,0.022955,0.022947,2048
7,3.241791,3.196591,0.045200,0.045191,2048
1,3.242785,3.217504,0.025281,0.025275,2048
5,3.241904,3.198413,0.043491,0.043481,2048
2,3.263756,3.214500,0.049256,0.049248,2048
6,3.262971,3.196727,0.066244,0.066238,2048
