Rank,Total Time,Computation Time,Derived Communication Time,Measured Communication Time,Message Size
4,3.260290,3.195905,0.064385,0.064378,10240
0,3.260754,3.216082,0.044672,0.044669,10240
1,3.241883,3.211038,0.030845,0.030841,10240
2,3.260827,3.218152,0.042675,0.042671,10240
6,3.260127,3.195058,0.065069,0.065052,10240
5,3.241547,3.200927,0.040620,0.040618,10240
7,3.241339,3.198182,0.043157,0.043148,10240
3,3.242050,3.217297,0.024753,0.024749,10240
