Rank,Total Time,Computation Time,Derived Communication Time,Measured Communication Time,Message Size
4,3.257730,3.198553,0.059177,0.059151,20480
0,3.258198,3.217696,0.040502,0.040482,20480
7,3.257516,3.195602,0.061914,0.061897,20480
3,3.258183,3.218212,0.039971,0.039960,20480
2,3.258241,3.222069,0.036172,0.036155,20480
1,3.258056,3.215435,0.042621,0.042609,20480
5,3.255908,3.195832,0.060076,0.060056,20480
6,3.257572,3.196461,0.061111,0.061097,20480
