Rank,Total Time,Computation Time,Derived Communication Time,Measured Communication Time,Message Size
4,51.620856,51.156869,0.463987,0.463980,409600
0,51.629089,51.299929,0.329160,0.329152,409600
3,51.623913,51.364261,0.259652,0.259645,409600
7,51.616198,51.143676,0.472522,0.472517,409600
1,51.624291,51.370785,0.253506,0.253502,409600
5,51.615839,51.128323,0.487516,0.487512,409600
2,51.630849,51.344236,0.286613,0.286610,409600
6,51.615229,51.107451,0.507778,0.507774,409600
