Rank,Total Time,Computation Time,Derived Communication Time,Measured Communication Time,Message Size
0,0.240922,0.198080,0.042842,0.042840,2560
4,0.240946,0.198050,0.042896,0.042894,2560
3,0.219419,0.198779,0.020640,0.020639,2560
7,0.219413,0.198366,0.021047,0.021044,2560
5,0.219423,0.198885,0.020538,0.020534,2560
1,0.219384,0.198017,0.021367,0.021363,2560
6,0.240899,0.197708,0.043191,0.043187,2560
2,0.240933,0.198463,0.042470,0.042465,2560
