Rank,Total Time,Computation Time,Derived Communication Time,Measured Communication Time,Message Size
4,51.398298,51.129960,0.268338,0.268331,40960
0,51.404131,51.353345,0.050786,0.050783,40960
6,51.397820,51.122831,0.274989,0.274982,40960
2,51.404439,51.344414,0.060025,0.060021,40960
1,51.393286,51.330805,0.062481,0.062470,40960
5,51.385944,51.154010,0.231934,0.231929,40960
3,51.392558,51.332600,0.059958,0.059956,40960
7,51.385814,51.161025,0.224789,0.224782,40960
