Rank,Total Time,Computation Time,Derived Communication Time,Measured Communication Time,Message Size
0,0.282379,0.198409,0.083970,0.073335,51200
4,0.282386,0.198096,0.084290,0.073998,51200
1,0.263716,0.200066,0.063650,0.062751,51200
5,0.263736,0.200017,0.063719,0.062686,51200
3,0.263736,0.199389,0.064347,0.061790,51200
7,0.263721,0.198256,0.065465,0.062244,51200
2,0.282387,0.198773,0.083614,0.069578,51200
6,0.282372,0.197667,0.084705,0.069691,51200
