Rank,Total Time,Computation Time,Derived Communication Time,Measured Communication Time,Message Size
4,0.817457,0.794430,0.023027,0.023021,1024
0,0.817476,0.796263,0.021213,0.021207,1024
7,0.817351,0.793449,0.023902,0.023897,1024
3,0.817461,0.795469,0.021992,0.021988,1024
1,0.817432,0.794994,0.022438,0.022435,1024
5,0.817399,0.794098,0.023301,0.023296,1024
2,0.817492,0.796000,0.021492,0.021485,1024
6,0.817395,0.793546,0.023849,0.023847,1024
