Rank,Total Time,Computation Time,Derived Communication Time,Measured Communication Time,Message Size
4,51.352017,51.148295,0.203722,0.203701,8192
0,51.358877,51.312379,0.046498,0.046486,8192
2,51.357449,51.295900,0.061549,0.061529,8192
6,51.354664,51.161162,0.193502,0.193482,8192
1,51.359066,51.324696,0.034370,0.034346,8192
5,51.351360,51.110034,0.241326,0.241308,8192
3,51.358273,51.304890,0.053383,0.053369,8192
7,51.353950,51.143413,0.210537,0.210518,8192
