Rank,Total Time,Computation Time,Derived Communication Time,Measured Communication Time,Message Size
4,51.860165,51.145738,0.714427,0.714408,819200
0,51.869220,51.333005,0.536215,0.536201,819200
2,51.869687,51.359553,0.510134,0.510124,819200
6,51.859061,51.137747,0.721314,0.721302,819200
3,51.869419,51.346799,0.522620,0.522603,819200
7,51.853997,51.124087,0.729910,0.729898,819200
5,51.858702,51.159629,0.699073,0.699056,819200
1,51.867708,51.292132,0.575576,0.575563,819200
