Rank,Total Time,Computation Time,Derived Communication Time,Measured Communication Time,Message Size
0,25.771379,25.721065,0.050314,0.050309,28960
4,25.768323,25.596239,0.172084,0.172075,28960
3,25.770171,25.732428,0.037743,0.037737,28960
7,25.765351,25.597638,0.167713,0.167704,28960
6,25.766744,25.580284,0.186460,0.186446,28960
2,25.772161,25.723393,0.048768,0.048763,28960
1,25.768932,25.700927,0.068005,0.068000,28960
5,25.766889,25.615082,0.151807,0.151801,28960
