Rank,Total Time,Computation Time,Derived Communication Time,Measured Communication Time,Message Size
4,12.846255,12.763141,0.083114,0.083105,4096
0,12.847394,12.821696,0.025698,0.025680,4096
3,12.847851,12.825698,0.022153,0.022134,4096
7,12.846211,12.759065,0.087146,0.087126,4096
5,12.846493,12.761214,0.085279,0.085260,4096
1,12.847742,12.821739,0.026003,0.025984,4096
2,12.847532,12.817570,0.029962,0.029947,4096
6,12.846636,12.769303,0.077333,0.077320,4096
