Rank,Total Time,Computation Time,Derived Communication Time,Measured Communication Time,Message Size
0,12.936442,12.806505,0.129937,0.097180,409600
4,12.935093,12.763097,0.171996,0.126191,409600
1,12.920705,12.819060,0.101645,0.098258,409600
5,12.919118,12.764039,0.155079,0.141811,409600
3,12.920999,12.825461,0.095538,0.085012,409600
7,12.919053,12.766218,0.152835,0.145052,409600
6,12.935000,12.758344,0.176656,0.121886,409600
2,12.936277,12.809088,0.127189,0.090548,409600
