Rank,Total Time,Computation Time,Derived Communication Time,Measured Communication Time,Message Size
4,12.849666,12.761897,0.087769,0.087754,4096
0,12.851476,12.823266,0.028210,0.028190,4096
2,12.851457,12.829291,0.022166,0.022155,4096
6,12.849038,12.761002,0.088036,0.088019,4096
3,12.851463,12.825558,0.025905,0.025891,4096
7,12.849300,12.757900,0.091400,0.091380,4096
1,12.850864,12.821031,0.029833,0.029814,4096
5,12.848805,12.757290,0.091515,0.091494,4096
