Rank,Total Time,Computation Time,Derived Communication Time,Measured Communication Time,Message Size
4,3.330131,3.195026,0.135105,0.135096,102400
0,3.333119,3.216011,0.117108,0.117105,102400
1,3.313983,3.215077,0.098906,0.098902,102400
5,3.310617,3.199290,0.111327,0.111322,102400
7,3.310985,3.197123,0.113862,0.113857,102400
3,3.311726,3.213305,0.098421,0.098413,102400
6,3.332632,3.196744,0.135888,0.135878,102400
2,3.332772,3.213678,0.119094,0.119084,102400
