Rank,Total Time,Computation Time,Derived Communication Time,Measured Communication Time,Message Size
4,12.936313,12.757011,0.179302,0.179299,204800
0,12.939661,12.849479,0.090182,0.090177,204800
2,12.939817,12.824900,0.114917,0.114907,204800
6,12.936126,12.757545,0.178581,0.178574,204800
3,12.926712,12.827977,0.098735,0.098731,204800
7,12.922968,12.764097,0.158871,0.158859,204800
5,12.923721,12.767334,0.156387,0.156377,204800
1,12.926234,12.819221,0.107013,0.107009,204800
