Rank,Total Time,Computation Time,Derived Communication Time,Measured Communication Time,Message Size
4,51.856271,51.127104,0.729167,0.729158,819200
0,51.866771,51.346725,0.520046,0.520041,819200
2,51.865839,51.334939,0.530900,0.530889,819200
6,51.857157,51.132108,0.725049,0.725044,819200
3,51.861147,51.370470,0.490677,0.490670,819200
7,51.851366,51.132283,0.719083,0.719079,819200
5,51.852053,51.140633,0.711420,0.711411,819200
1,51.860836,51.349163,0.511673,0.511656,819200
