Rank,Total Time,Computation Time,Derived Communication Time,Measured Communication Time,Message Size
4,0.834050,0.793871,0.040179,0.040177,10240
0,0.834176,0.798198,0.035978,0.035973,10240
7,0.823206,0.794205,0.029001,0.028999,10240
3,0.823349,0.797656,0.025693,0.025687,10240
5,0.823250,0.794226,0.029024,0.029023,10240
1,0.823348,0.797075,0.026273,0.026272,10240
6,0.833949,0.793831,0.040118,0.040115,10240
2,0.834168,0.796652,0.037516,0.037511,10240
