Rank,Total Time,Computation Time,Derived Communication Time,Measured Communication Time,Message Size
4,51.427880,51.147719,0.280161,0.201547,81920
0,51.431269,51.279228,0.152041,0.129284,81920
1,51.420894,51.347207,0.073687,0.066854,81920
5,51.414294,51.136738,0.277556,0.263873,81920
2,51.432361,51.312564,0.119797,0.104972,81920
6,51.426387,51.115349,0.311038,0.191135,81920
3,51.420811,51.353992,0.066819,0.065419,81920
7,51.414629,51.147781,0.266848,0.239772,81920
