Rank,Total Time,Computation Time,Derived Communication Time,Measured Communication Time,Message Size
4,51.499044,51.132882,0.366162,0.366154,409600
0,51.506733,51.343743,0.162990,0.162981,409600
3,51.497231,51.356383,0.140848,0.140842,409600
7,51.490183,51.127856,0.362327,0.362321,409600
1,51.497751,51.355814,0.141937,0.141934,409600
2,51.506907,51.357784,0.149123,0.149117,409600
6,51.497249,51.114345,0.382904,0.382900,409600
5,51.490337,51.147449,0.342888,0.342879,409600
