Rank,Total Time,Computation Time,Derived Communication Time,Measured Communication Time,Message Size
4,25.742185,25.592912,0.149273,0.149262,28960
0,25.745465,25.690456,0.055009,0.055002,28960
2,25.745419,25.691376,0.054043,0.054037,28960
6,25.741022,25.564874,0.176148,0.176142,28960
5,25.728038,25.588611,0.139427,0.139422,28960
1,25.731316,25.690332,0.040984,0.040977,28960
7,25.728276,25.589907,0.138369,0.138359,28960
3,25.731189,25.701771,0.029418,0.029412,28960
