Rank,Total Time,Computation Time,Derived Communication Time,Measured Communication Time,Message Size
4,0.834375,0.794328,0.040047,0.040043,10240
0,0.834560,0.795714,0.038846,0.038841,10240
3,0.817182,0.799191,0.017991,0.017987,10240
7,0.816028,0.794691,0.021337,0.021334,10240
2,0.835039,0.797758,0.037281,0.037278,10240
6,0.833786,0.793106,0.040680,0.040679,10240
5,0.816723,0.795092,0.021631,0.021625,10240
1,0.816937,0.797713,0.019224,0.019222,10240
