Rank,Total Time,Computation Time,Derived Communication Time,Measured Communication Time,Message Size
4,12.909130,12.763340,0.145790,0.145780,204800
0,12.912106,12.820607,0.091499,0.091491,204800
1,12.896336,12.823050,0.073286,0.073280,204800
6,12.909927,12.759882,0.150045,0.150039,204800
2,12.911363,12.815325,0.096038,0.096030,204800
5,12.893382,12.765366,0.128016,0.128009,204800
7,12.894544,12.770165,0.124379,0.124372,204800
3,12.896041,12.814188,0.081853,0.081848,204800
