Rank,Total Time,Computation Time,Derived Communication Time,Measured Communication Time,Message Size
4,51.392137,51.119679,0.272458,0.226038,81920
0,51.396810,51.297073,0.099737,0.087257,81920
1,51.387191,51.344377,0.042814,0.038526,81920
5,51.381826,51.162092,0.219734,0.179424,81920
3,51.385985,51.319979,0.066006,0.060532,81920
2,51.397804,51.321017,0.076787,0.043819,81920
6,51.392785,51.122875,0.269910,0.194584,81920
7,51.383038,51.169872,0.213166,0.199898,81920
