Rank,Total Time,Computation Time,Derived Communication Time,Measured Communication Time,Message Size
4,0.236179,0.198031,0.038148,0.038146,2560
0,0.236156,0.198102,0.038054,0.038051,2560
5,0.217041,0.199616,0.017425,0.017420,2560
3,0.217045,0.199771,0.017274,0.017268,2560
7,0.217002,0.198715,0.018287,0.018281,2560
1,0.217015,0.199440,0.017575,0.017574,2560
2,0.236177,0.198583,0.037594,0.037593,2560
6,0.236127,0.197605,0.038522,0.038518,2560
