Rank,Total Time,Computation Time,Derived Communication Time,Measured Communication Time,Message Size
4,25.732188,25.600518,0.131670,0.131665,28960
0,25.738551,25.668953,0.069598,0.069594,28960
3,25.721959,25.698043,0.023916,0.023912,28960
7,25.717791,25.576036,0.141755,0.141749,28960
5,25.717967,25.611296,0.106671,0.106659,28960
1,25.724319,25.675362,0.048957,0.048951,28960
6,25.735520,25.599833,0.135687,0.135677,28960
2,25.738752,25.668286,0.070466,0.070463,28960
