Rank,Total Time,Computation Time,Derived Communication Time,Measured Communication Time,Message Size
0,0.841954,0.796443,0.045511,0.045508,1024
4,0.841939,0.794050,0.047889,0.047887,1024
1,0.823462,0.797239,0.026223,0.026218,1024
5,0.823496,0.794851,0.028645,0.028640,1024
2,0.841991,0.797290,0.044701,0.044698,1024
7,0.823404,0.794420,0.028984,0.028980,1024
3,0.823500,0.797734,0.025766,0.025763,1024
6,0.841907,0.793354,0.048553,0.048550,1024
