Rank,Total Time,Computation Time,Derived Communication Time,Measured Communication Time,Message Size
4,0.841159,0.793792,0.047367,0.025466,1024
0,0.841244,0.795255,0.045989,0.024555,1024
1,0.822676,0.795495,0.027181,0.025657,1024
5,0.822606,0.794361,0.028245,0.016085,1024
3,0.822692,0.795857,0.026835,0.015629,1024
7,0.822589,0.793653,0.028936,0.026763,1024
2,0.841256,0.795830,0.045426,0.024153,1024
6,0.841161,0.793652,0.047509,0.024914,1024
