Rank,Total Time,Computation Time,Derived Communication Time,Measured Communication Time,Message Size
4,3.281154,3.196849,0.084305,0.084294,102400
0,3.281478,3.216976,0.064502,0.064492,102400
2,3.282804,3.217746,0.065058,0.065054,102400
6,3.279280,3.196814,0.082466,0.082459,102400
7,3.261844,3.198389,0.063455,0.063443,102400
3,3.262204,3.221625,0.040579,0.040575,102400
1,3.262262,3.216271,0.045991,0.045986,102400
5,3.261989,3.198888,0.063101,0.063085,102400
