Rank,Total Time,Computation Time,Derived Communication Time,Measured Communication Time,Message Size
4,51.572521,51.173612,0.398909,0.398893,819200
0,51.576366,51.296458,0.279908,0.279893,819200
3,51.578289,51.349804,0.228485,0.228467,819200
7,51.566898,51.126802,0.440096,0.440087,819200
5,51.570888,51.158278,0.412610,0.412590,819200
1,51.576547,51.295732,0.280815,0.280798,819200
2,51.578230,51.359608,0.218622,0.218606,819200
6,51.569191,51.145259,0.423932,0.423912,819200
