Rank,Total Time,Computation Time,Derived Communication Time,Measured Communication Time,Message Size
4,13.116177,12.766828,0.349349,0.349342,409600
0,13.118945,12.825523,0.293422,0.293404,409600
1,13.118598,12.818549,0.300049,0.300037,409600
5,13.115981,12.760752,0.355229,0.355218,409600
3,13.118369,12.824348,0.294021,0.294015,409600
2,13.118333,12.822660,0.295673,0.295650,409600
6,13.115892,12.758479,0.357413,0.357406,409600
7,13.115404,12.754902,0.360502,0.360478,409600
