Rank,Total Time,Computation Time,Derived Communication Time,Measured Communication Time,Message Size
0,51.412135,51.330063,0.082072,0.057540,81920
4,51.405865,51.130254,0.275611,0.232762,81920
3,51.400281,51.361222,0.039059,0.037655,81920
7,51.393641,51.132923,0.260718,0.245601,81920
1,51.400429,51.353753,0.046676,0.045721,81920
5,51.394174,51.157185,0.236989,0.229543,81920
2,51.412326,51.330534,0.081792,0.072271,81920
6,51.405712,51.121732,0.283980,0.232930,81920
