Rank,Total Time,Computation Time,Derived Communication Time,Measured Communication Time,Message Size
4,12.862212,12.758961,0.103251,0.103238,20480
0,12.865096,12.812660,0.052436,0.052430,20480
3,12.848392,12.825995,0.022397,0.022391,20480
7,12.845352,12.763438,0.081914,0.081911,20480
5,12.846255,12.768807,0.077448,0.077440,20480
1,12.847730,12.811201,0.036529,0.036521,20480
6,12.861829,12.753865,0.107964,0.107951,20480
2,12.865161,12.819126,0.046035,0.046027,20480
