Rank,Total Time,Computation Time,Derived Communication Time,Measured Communication Time,Message Size
4,12.863782,12.755689,0.108093,0.108090,4096
0,12.865812,12.813186,0.052626,0.052621,4096
1,12.847022,12.810029,0.036993,0.036988,4096
5,12.845525,12.767566,0.077959,0.077950,4096
6,12.863560,12.756913,0.106647,0.106637,4096
2,12.865996,12.812707,0.053289,0.053280,4096
3,12.847426,12.823578,0.023848,0.023840,4096
7,12.844633,12.761509,0.083124,0.083116,4096
