Rank,Total Time,Computation Time,Derived Communication Time,Measured Communication Time,Message Size
0,26.133298,25.689864,0.443434,0.443427,579200
4,26.127316,25.570863,0.556453,0.556446,579200
2,26.132002,25.701930,0.430072,0.430066,579200
6,26.126509,25.580264,0.546245,0.546239,579200
1,26.114164,25.676583,0.437581,0.437574,579200
5,26.110118,25.617016,0.493102,0.493093,579200
7,26.109119,25.589187,0.519932,0.519923,579200
3,26.113279,25.705551,0.407728,0.407727,579200
