Rank,Total Time,Computation Time,Derived Communication Time,Measured Communication Time,Message Size
0,3.309612,3.217295,0.092317,0.092301,204800
4,3.308652,3.198122,0.110530,0.110516,204800
2,3.309481,3.219010,0.090471,0.090458,204800
6,3.308346,3.197522,0.110824,0.110814,204800
1,3.309518,3.214442,0.095076,0.095058,204800
5,3.308568,3.196106,0.112462,0.112439,204800
3,3.309470,3.217824,0.091646,0.091628,204800
7,3.308314,3.196236,0.112078,0.112056,204800
