Rank,Total Time,Computation Time,Derived Communication Time,Measured Communication Time,Message Size
0,25.728096,25.688197,0.039899,0.039884,5792
4,25.724224,25.594854,0.129370,0.129349,5792
2,25.728114,25.693151,0.034963,0.034952,5792
6,25.723241,25.574315,0.148926,0.148910,5792
5,25.723096,25.585570,0.137526,0.137503,5792
1,25.727487,25.677872,0.049615,0.049602,5792
7,25.724018,25.593596,0.130422,0.130404,5792
3,25.727264,25.674291,0.052973,0.052949,5792
