Rank,Total Time,Computation Time,Derived Communication Time,Measured Communication Time,Message Size
4,12.901822,12.766183,0.135639,0.135617,409600
0,12.903440,12.822630,0.080810,0.080791,409600
7,12.901526,12.760272,0.141254,0.141236,409600
3,12.903037,12.813790,0.089247,0.089234,409600
1,12.903503,12.817741,0.085762,0.085751,409600
2,12.903575,12.823184,0.080391,0.080375,409600
6,12.901320,12.764053,0.137267,0.137251,409600
5,12.901281,12.759549,0.141732,0.141720,409600
