Rank,Total Time,Computation Time,Derived Communication Time,Measured Communication Time,Message Size
4,12.875163,12.756693,0.118470,0.118461,4096
0,12.877037,12.815953,0.061084,0.061080,4096
1,12.856950,12.828970,0.027980,0.027978,4096
5,12.855388,12.766748,0.088640,0.088637,4096
2,12.877061,12.822622,0.054439,0.054430,4096
7,12.855159,12.762547,0.092612,0.092608,4096
3,12.857328,12.831775,0.025553,0.025546,4096
6,12.874719,12.758017,0.116702,0.116694,4096
