Rank,Total Time,Computation Time,Derived Communication Time,Measured Communication Time,Message Size
0,25.768371,25.666208,0.102163,0.065138,57920
4,25.766571,25.596140,0.170431,0.110324,57920
3,25.753756,25.711888,0.041868,0.040660,57920
7,25.749698,25.575644,0.174054,0.136613,57920
2,25.768975,25.684047,0.084928,0.052855,57920
6,25.765485,25.568017,0.197468,0.131550,57920
1,25.752912,25.688947,0.063965,0.050080,57920
5,25.750690,25.603122,0.147568,0.144760,57920
