Rank,Total Time,Computation Time,Derived Communication Time,Measured Communication Time,Message Size
0,25.728514,25.678986,0.049528,0.049525,5792
4,25.724603,25.576038,0.148565,0.148554,5792
6,25.724399,25.585059,0.139340,0.139338,5792
2,25.729265,25.685844,0.043421,0.043414,5792
7,25.724948,25.580935,0.144013,0.144011,5792
3,25.730226,25.705965,0.024261,0.024252,5792
5,25.726526,25.609860,0.116666,0.116656,5792
1,25.729480,25.683798,0.045682,0.045672,5792
