Rank,Total Time,Computation Time,Derived Communication Time,Measured Communication Time,Message Size
0,12.866907,12.821482,0.045425,0.045415,20480
4,12.865100,12.757220,0.107880,0.107873,20480
2,12.867014,12.824146,0.042868,0.042852,20480
6,12.864683,12.752393,0.112290,0.112285,20480
5,12.857682,12.765925,0.091757,0.091748,20480
1,12.859658,12.821199,0.038459,0.038455,20480
3,12.859939,12.823468,0.036471,0.036462,20480
7,12.857627,12.766834,0.090793,0.090786,20480
