Rank,Total Time,Computation Time,Derived Communication Time,Measured Communication Time,Message Size
4,0.229986,0.198129,0.031857,0.020350,512
0,0.229976,0.198259,0.031717,0.020056,512
1,0.218746,0.198338,0.020408,0.019031,512
5,0.218759,0.198239,0.020520,0.019838,512
6,0.229954,0.197680,0.032274,0.020506,512
2,0.229974,0.198655,0.031319,0.019839,512
7,0.218745,0.198050,0.020695,0.019588,512
3,0.218748,0.198885,0.019863,0.019138,512
