Rank,Total Time,Computation Time,Derived Communication Time,Measured Communication Time,Message Size
4,51.612303,51.133155,0.479148,0.479141,819200
0,51.622584,51.363264,0.259320,0.259315,819200
2,51.621982,51.349694,0.272288,0.272283,819200
6,51.612033,51.100776,0.511257,0.511252,819200
3,51.621980,51.372751,0.249229,0.249227,819200
5,51.614186,51.162185,0.452001,0.451991,819200
1,51.621979,51.371422,0.250557,0.250549,819200
7,51.614372,51.150302,0.464070,0.464064,819200
