Rank,Total Time,Computation Time,Derived Communication Time,Measured Communication Time,Message Size
0,12.865593,12.821715,0.043878,0.024477,4096
4,12.864288,12.756954,0.107334,0.085241,4096
3,12.853853,12.831165,0.022688,0.021507,4096
7,12.852214,12.761203,0.091011,0.068991,4096
2,12.865714,12.823831,0.041883,0.027511,4096
5,12.852615,12.769467,0.083148,0.080376,4096
1,12.853166,12.814794,0.038372,0.034810,4096
6,12.864236,12.756346,0.107890,0.083006,4096
