Rank,Total Time,Computation Time,Derived Communication Time,Measured Communication Time,Message Size
0,12.873198,12.812343,0.060855,0.060848,40960
4,12.872091,12.759057,0.113034,0.113025,40960
6,12.871265,12.756302,0.114963,0.114958,40960
2,12.873382,12.816499,0.056883,0.056878,40960
3,12.855648,12.823706,0.031942,0.031935,40960
1,12.855438,12.812768,0.042670,0.042665,40960
5,12.854723,12.773124,0.081599,0.081592,40960
7,12.853845,12.761753,0.092092,0.092085,40960
