Rank,Total Time,Computation Time,Derived Communication Time,Measured Communication Time,Message Size
4,3.282356,3.198647,0.083709,0.083692,204800
0,3.282584,3.215370,0.067214,0.067196,204800
1,3.282488,3.212817,0.069671,0.069652,204800
5,3.282358,3.196134,0.086224,0.086201,204800
3,3.282657,3.216636,0.066021,0.066005,204800
7,3.282067,3.196694,0.085373,0.085358,204800
2,3.282430,3.215905,0.066525,0.066513,204800
6,3.282446,3.197117,0.085329,0.085311,204800
