Rank,Total Time,Computation Time,Derived Communication Time,Measured Communication Time,Message Size
4,0.244651,0.198137,0.046514,0.031620,5120
0,0.244743,0.198435,0.046308,0.030590,5120
1,0.223157,0.198565,0.024592,0.022816,5120
5,0.223066,0.198916,0.024150,0.023165,5120
2,0.244736,0.198657,0.046079,0.030665,5120
6,0.244625,0.197809,0.046816,0.030842,5120
7,0.223052,0.197837,0.025215,0.023841,5120
3,0.223159,0.199025,0.024134,0.023281,5120
