Rank,Total Time,Computation Time,Derived Communication Time,Measured Communication Time,Message Size
0,3.275868,3.214420,0.061448,0.061439,20480
4,3.275354,3.196243,0.079111,0.079103,20480
2,3.275945,3.217941,0.058004,0.057996,20480
6,3.275158,3.194570,0.080588,0.080587,20480
1,3.256965,3.214461,0.042504,0.042498,20480
5,3.256660,3.199755,0.056905,0.056896,20480
3,3.257134,3.219273,0.037861,0.037854,20480
7,3.256339,3.196192,0.060147,0.060142,20480
