Rank,Total Time,Computation Time,Derived Communication Time,Measured Communication Time,Message Size
0,0.854679,0.795476,0.059203,0.059200,51200
4,0.854520,0.793733,0.060787,0.060785,51200
3,0.836633,0.796366,0.040267,0.040260,51200
7,0.836429,0.793410,0.043019,0.043018,51200
5,0.836633,0.795876,0.040757,0.040752,51200
1,0.836739,0.795190,0.041549,0.041547,51200
6,0.854291,0.793153,0.061138,0.061137,51200
2,0.854543,0.796224,0.058319,0.058315,51200
