Rank,Total Time,Computation Time,Derived Communication Time,Measured Communication Time,Message Size
4,51.409668,51.129643,0.280025,0.280017,40960
0,51.416562,51.351426,0.065136,0.065134,40960
2,51.416689,51.341425,0.075264,0.075257,40960
6,51.410840,51.142626,0.268214,0.268210,40960
1,51.417555,51.326177,0.091378,0.091376,40960
5,51.414144,51.165172,0.248972,0.248968,40960
3,51.419369,51.374711,0.044658,0.044655,40960
7,51.410096,51.123335,0.286761,0.286755,40960
