Rank,Total Time,Computation Time,Derived Communication Time,Measured Communication Time,Message Size
4,12.876731,12.755849,0.120882,0.120878,20480
0,12.879403,12.819584,0.059819,0.059815,20480
6,12.877204,12.753209,0.123995,0.123986,20480
2,12.879306,12.818635,0.060671,0.060663,20480
1,12.859675,12.818788,0.040887,0.040881,20480
5,12.857975,12.764730,0.093245,0.093232,20480
7,12.857912,12.763655,0.094257,0.094252,20480
3,12.859847,12.828013,0.031834,0.031831,20480
