Rank,Total Time,Computation Time,Derived Communication Time,Measured Communication Time,Message Size
0,0.856159,0.795320,0.060839,0.060837,51200
4,0.856161,0.793819,0.062342,0.062336,51200
6,0.856132,0.793336,0.062796,0.062793,51200
2,0.856173,0.796022,0.060151,0.060145,51200
1,0.838343,0.795688,0.042655,0.042650,51200
3,0.838364,0.795958,0.042406,0.042401,51200
7,0.838319,0.793536,0.044783,0.044778,51200
5,0.838355,0.794280,0.044075,0.044073,51200
