Rank,Total Time,Computation Time,Derived Communication Time,Measured Communication Time,Message Size
4,0.845663,0.793824,0.051839,0.035545,10240
0,0.845724,0.796412,0.049312,0.033880,10240
2,0.845742,0.797139,0.048603,0.033163,10240
6,0.845635,0.793073,0.052562,0.034870,10240
5,0.824569,0.794520,0.030049,0.028312,10240
1,0.824623,0.797180,0.027443,0.022200,10240
7,0.824567,0.793984,0.030583,0.024218,10240
3,0.824625,0.796935,0.027690,0.026913,10240
