Rank,Total Time,Computation Time,Derived Communication Time,Measured Communication Time,Message Size
4,12.852413,12.760691,0.091722,0.091711,4096
0,12.854810,12.810617,0.044193,0.044193,4096
1,12.848510,12.815574,0.032936,0.032931,4096
5,12.847343,12.772262,0.075081,0.075068,4096
3,12.849064,12.824013,0.025051,0.025045,4096
7,12.846234,12.766318,0.079916,0.079914,4096
6,12.852933,12.756005,0.096928,0.096923,4096
2,12.855089,12.814434,0.040655,0.040648,4096
