Rank,Total Time,Computation Time,Derived Communication Time,Measured Communication Time,Message Size
4,25.776512,25.582710,0.193802,0.193795,289600
0,25.779896,25.691756,0.088140,0.088133,289600
3,25.780943,25.713845,0.067098,0.067091,289600
7,25.777804,25.590769,0.187035,0.187021,289600
1,25.780245,25.699543,0.080702,0.080699,289600
2,25.780013,25.695864,0.084149,0.084144,289600
6,25.776186,25.589269,0.186917,0.186908,289600
5,25.777606,25.581267,0.196339,0.196334,289600
