Rank,Total Time,Computation Time,Derived Communication Time,Measured Communication Time,Message Size
4,51.418363,51.121499,0.296864,0.296860,81920
0,51.425565,51.287698,0.137867,0.137865,81920
1,51.415238,51.359023,0.056215,0.056207,81920
5,51.408101,51.155010,0.253091,0.253083,81920
2,51.425292,51.336444,0.088848,0.088840,81920
6,51.419563,51.133728,0.285835,0.285829,81920
3,51.413639,51.325466,0.088173,0.088169,81920
7,51.410058,51.168299,0.241759,0.241753,81920
