Rank,Total Time,Computation Time,Derived Communication Time,Measured Communication Time,Message Size
4,3.290084,3.197100,0.092984,0.092975,204800
0,3.290154,3.208778,0.081376,0.081371,204800
7,3.279172,3.196638,0.082534,0.082531,204800
3,3.279770,3.213793,0.065977,0.065971,204800
2,3.290139,3.210143,0.079996,0.079994,204800
6,3.290060,3.196548,0.093512,0.093503,204800
5,3.279181,3.199147,0.080034,0.080022,204800
1,3.279465,3.212471,0.066994,0.066990,204800
