Rank,Total Time,Computation Time,Derived Communication Time,Measured Communication Time,Message Size
4,0.238268,0.198157,0.040111,0.040105,2560
0,0.238243,0.197944,0.040299,0.040298,2560
3,0.223962,0.199065,0.024897,0.024893,2560
7,0.223943,0.197832,0.026111,0.026109,2560
1,0.223945,0.198311,0.025634,0.025630,2560
2,0.238248,0.198295,0.039953,0.039951,2560
6,0.238213,0.197712,0.040501,0.040499,2560
5,0.223957,0.198105,0.025852,0.025846,2560
