Rank,Total Time,Computation Time,Derived Communication Time,Measured Communication Time,Message Size
4,0.240865,0.198084,0.042781,0.042779,512
0,0.240848,0.198429,0.042419,0.042416,512
1,0.221503,0.198739,0.022764,0.022762,512
5,0.221516,0.198193,0.023323,0.023316,512
6,0.240827,0.197727,0.043100,0.043097,512
2,0.240853,0.198785,0.042068,0.042066,512
7,0.221482,0.197738,0.023744,0.023743,512
3,0.221521,0.198901,0.022620,0.022619,512
