Rank,Total Time,Computation Time,Derived Communication Time,Measured Communication Time,Message Size
4,0.219611,0.198515,0.021096,0.021091,512
0,0.219726,0.198554,0.021172,0.021169,512
7,0.219714,0.197755,0.021959,0.021957,512
3,0.219733,0.198530,0.021203,0.021199,512
1,0.219722,0.198336,0.021386,0.021382,512
5,0.219602,0.198157,0.021445,0.021442,512
2,0.219610,0.198687,0.020923,0.020918,512
6,0.219607,0.197901,0.021706,0.021700,512
