Rank,Total Time,Computation Time,Derived Communication Time,Measured Communication Time,Message Size
4,51.494004,51.151426,0.342578,0.342560,819200
0,51.499864,51.332475,0.167389,0.167370,819200
2,51.498796,51.340928,0.157868,0.157853,819200
6,51.494212,51.140706,0.353506,0.353486,819200
3,51.498185,51.348633,0.149552,0.149542,819200
7,51.491952,51.110495,0.381457,0.381444,819200
1,51.498559,51.328075,0.170484,0.170462,819200
5,51.490077,51.117732,0.372345,0.372329,819200
