Rank,Total Time,Computation Time,Derived Communication Time,Measured Communication Time,Message Size
4,0.240088,0.198166,0.041922,0.041917,51200
0,0.240148,0.199861,0.040287,0.040287,51200
2,0.240188,0.199062,0.041126,0.041124,51200
6,0.240150,0.198711,0.041439,0.041431,51200
5,0.240095,0.198154,0.041941,0.041937,51200
1,0.240144,0.198669,0.041475,0.041469,51200
7,0.240131,0.197652,0.042479,0.042475,51200
3,0.240191,0.199161,0.041030,0.041022,51200
