Rank,Total Time,Computation Time,Derived Communication Time,Measured Communication Time,Message Size
0,0.831510,0.795781,0.035729,0.035724,5120
4,0.831363,0.794251,0.037112,0.037104,5120
3,0.831591,0.797741,0.033850,0.033845,5120
7,0.831332,0.793262,0.038070,0.038068,5120
1,0.831579,0.796707,0.034872,0.034868,5120
5,0.831401,0.794257,0.037144,0.037143,5120
2,0.831558,0.796761,0.034797,0.034792,5120
6,0.831280,0.794227,0.037053,0.037048,5120
