Rank,Total Time,Computation Time,Derived Communication Time,Measured Communication Time,Message Size
4,3.272235,3.196390,0.075845,0.044542,20480
0,3.272638,3.210622,0.062016,0.031770,20480
5,3.253147,3.198517,0.054630,0.050757,20480
1,3.253503,3.213617,0.039886,0.025579,20480
3,3.253536,3.215404,0.038132,0.037317,20480
7,3.253064,3.196426,0.056638,0.039769,20480
2,3.272659,3.215166,0.057493,0.025087,20480
6,3.272134,3.194541,0.077593,0.037274,20480
