Rank,Total Time,Computation Time,Derived Communication Time,Measured Communication Time,Message Size
4,12.992074,12.765489,0.226585,0.226580,204800
0,12.993871,12.845080,0.148791,0.148788,204800
1,12.994080,12.815300,0.178780,0.178776,204800
5,12.991801,12.769306,0.222495,0.222489,204800
7,12.989710,12.761496,0.228214,0.228208,204800
3,12.993507,12.835754,0.157753,0.157745,204800
2,12.993270,12.830761,0.162509,0.162501,204800
6,12.991402,12.764999,0.226403,0.226398,204800
