Rank,Total Time,Computation Time,Derived Communication Time,Measured Communication Time,Message Size
0,25.812194,25.701344,0.110850,0.110846,289600
4,25.806427,25.585553,0.220874,0.220867,289600
1,25.797361,25.693271,0.104090,0.104076,289600
6,25.807362,25.588126,0.219236,0.219227,289600
2,25.811504,25.687551,0.123953,0.123944,289600
5,25.793389,25.583935,0.209454,0.209443,289600
3,25.797642,25.705564,0.092078,0.092068,289600
7,25.793276,25.580345,0.212931,0.212922,289600
