Rank,Total Time,Computation Time,Derived Communication Time,Measured Communication Time,Message Size
4,3.425905,3.196531,0.229374,0.208597,204800
0,3.426314,3.217792,0.208522,0.196381,204800
3,3.407542,3.222109,0.185433,0.184389,204800
7,3.407027,3.197147,0.209880,0.196069,204800
1,3.407471,3.218915,0.188556,0.184806,204800
5,3.407056,3.198955,0.208101,0.192082,204800
2,3.426360,3.220337,0.206023,0.195922,204800
6,3.425849,3.195226,0.230623,0.207444,204800
