Rank,Total Time,Computation Time,Derived Communication Time,Measured Communication Time,Message Size
4,51.378725,51.155885,0.222840,0.222830,8192
0,51.388574,51.353355,0.035219,0.035202,8192
1,51.388936,51.352717,0.036219,0.036209,8192
5,51.379630,51.106450,0.273180,0.273167,8192
3,51.388053,51.348237,0.039816,0.039801,8192
7,51.380981,51.101751,0.279230,0.279215,8192
6,51.381137,51.142658,0.238479,0.238468,8192
2,51.385231,51.298121,0.087110,0.087089,8192
