Rank,Total Time,Computation Time,Derived Communication Time,Measured Communication Time,Message Size
4,3.258945,3.195736,0.063209,0.043388,20480
0,3.259302,3.213017,0.046285,0.033228,20480
7,3.247026,3.198662,0.048364,0.041257,20480
3,3.247400,3.213401,0.033999,0.031319,20480
2,3.259337,3.213416,0.045921,0.033525,20480
6,3.258902,3.194154,0.064748,0.045045,20480
1,3.247373,3.215628,0.031745,0.030389,20480
5,3.247033,3.199494,0.047539,0.036717,20480
