Rank,Total Time,Computation Time,Derived Communication Time,Measured Communication Time,Message Size
4,25.723666,25.606863,0.116803,0.073689,5792
0,25.724482,25.655213,0.069269,0.049081,5792
2,25.724636,25.661460,0.063176,0.047125,5792
6,25.722969,25.589137,0.133832,0.084487,5792
1,25.712414,25.684784,0.027630,0.024063,5792
5,25.709809,25.595745,0.114064,0.110746,5792
7,25.710222,25.600980,0.109242,0.099314,5792
3,25.712179,25.688338,0.023841,0.023017,5792
