Rank,Total Time,Computation Time,Derived Communication Time,Measured Communication Time,Message Size
0,25.759243,25.681838,0.077405,0.041609,57920
4,25.755919,25.587753,0.168166,0.126076,57920
7,25.740849,25.593628,0.147221,0.096849,57920
3,25.744832,25.714832,0.030000,0.028654,57920
1,25.743292,25.673371,0.069921,0.067715,57920
5,25.741480,25.612676,0.128804,0.125460,57920
2,25.759244,25.686802,0.072442,0.060319,57920
6,25.755063,25.563346,0.191717,0.143975,57920
