Rank,Total Time,Computation Time,Derived Communication Time,Measured Communication Time,Message Size
0,12.879229,12.811761,0.067468,0.067466,40960
4,12.877396,12.759649,0.117747,0.117737,40960
3,12.871363,12.831344,0.040019,0.040016,40960
7,12.868056,12.762495,0.105561,0.105552,40960
1,12.870374,12.810984,0.059390,0.059380,40960
5,12.869269,12.773756,0.095513,0.095499,40960
2,12.879769,12.811169,0.068600,0.068592,40960
6,12.876669,12.763806,0.112863,0.112861,40960
