Rank,Total Time,Computation Time,Derived Communication Time,Measured Communication Time,Message Size
4,25.735413,25.595714,0.139699,0.139680,57920
0,25.739558,25.710942,0.028616,0.028607,57920
7,25.734602,25.569242,0.165360,0.165345,57920
3,25.738745,25.692479,0.046266,0.046248,57920
1,25.739372,25.688483,0.050889,0.050872,57920
5,25.734797,25.599784,0.135013,0.135000,57920
6,25.735523,25.588931,0.146592,0.146568,57920
2,25.739355,25.691557,0.047798,0.047784,57920
