Rank,Total Time,Computation Time,Derived Communication Time,Measured Communication Time,Message Size
0,3.295148,3.219004,0.076144,0.076133,102400
4,3.292131,3.195832,0.096299,0.096290,102400
2,3.294750,3.219974,0.074776,0.074768,102400
6,3.294085,3.195174,0.098911,0.098900,102400
3,3.274636,3.215024,0.059612,0.059606,102400
7,3.272220,3.198335,0.073885,0.073872,102400
1,3.276399,3.214469,0.061930,0.061926,102400
5,3.272703,3.200479,0.072224,0.072220,102400
