Rank,Total Time,Computation Time,Derived Communication Time,Measured Communication Time,Message Size
0,3.266714,3.211032,0.055682,0.055677,10240
4,3.266063,3.196585,0.069478,0.069467,10240
6,3.266005,3.194248,0.071757,0.071749,10240
2,3.267035,3.217279,0.049756,0.049750,10240
1,3.254619,3.209971,0.044648,0.044641,10240
5,3.253369,3.200242,0.053127,0.053117,10240
7,3.252993,3.198093,0.054900,0.054895,10240
3,3.253842,3.214508,0.039334,0.039331,10240
