Rank,Total Time,Computation Time,Derived Communication Time,Measured Communication Time,Message Size
4,0.840840,0.793776,0.047064,0.020048,1024
0,0.841390,0.796583,0.044807,0.020411,1024
1,0.826161,0.796238,0.029923,0.028641,1024
5,0.825690,0.795015,0.030675,0.021332,1024
7,0.825654,0.793908,0.031746,0.026173,1024
3,0.826241,0.800227,0.026014,0.021824,1024
6,0.840805,0.793081,0.047724,0.018920,1024
2,0.842169,0.798809,0.043360,0.019756,1024
