Rank,Total Time,Computation Time,Derived Communication Time,Measured Communication Time,Message Size
0,26.151334,25.695815,0.455519,0.433026,579200
4,26.147924,25.572583,0.575341,0.492205,579200
2,26.151418,25.693903,0.457515,0.451345,579200
6,26.148330,25.579395,0.568935,0.511698,579200
1,26.139590,25.704046,0.435544,0.418323,579200
5,26.136295,25.586354,0.549941,0.481162,579200
3,26.139326,25.710775,0.428551,0.428250,579200
7,26.137038,25.602918,0.534120,0.483393,579200
