Rank,Total Time,Computation Time,Derived Communication Time,Measured Communication Time,Message Size
4,3.328226,3.197007,0.131219,0.131211,204800
0,3.328663,3.206900,0.121763,0.121756,204800
6,3.328015,3.194922,0.133093,0.133087,204800
2,3.328335,3.209731,0.118604,0.118595,204800
1,3.307549,3.210790,0.096759,0.096753,204800
5,3.307049,3.198496,0.108553,0.108549,204800
7,3.306686,3.196517,0.110169,0.110166,204800
3,3.307129,3.210463,0.096666,0.096657,204800
