Rank,Total Time,Computation Time,Derived Communication Time,Measured Communication Time,Message Size
4,0.821230,0.794358,0.026872,0.026866,10240
0,0.821374,0.797315,0.024059,0.024053,10240
3,0.821327,0.797737,0.023590,0.023585,10240
7,0.821115,0.795469,0.025646,0.025643,10240
1,0.821285,0.797340,0.023945,0.023944,10240
5,0.821170,0.794062,0.027108,0.027099,10240
2,0.821355,0.799271,0.022084,0.022079,10240
6,0.821161,0.793820,0.027341,0.027338,10240
