Rank,Total Time,Computation Time,Derived Communication Time,Measured Communication Time,Message Size
4,51.625565,51.130193,0.495372,0.400417,819200
0,51.632201,51.348824,0.283377,0.275019,819200
2,51.631910,51.349655,0.282255,0.270681,819200
6,51.625519,51.130550,0.494969,0.400477,819200
5,51.613654,51.134222,0.479432,0.430621,819200
1,51.619892,51.364235,0.255657,0.253502,819200
7,51.612973,51.126778,0.486195,0.413102,819200
3,51.621253,51.379614,0.241639,0.237266,819200
