Rank,Total Time,Computation Time,Derived Communication Time,Measured Communication Time,Message Size
4,0.254165,0.198207,0.055958,0.055955,25600
0,0.254174,0.199326,0.054848,0.054845,25600
2,0.254175,0.198477,0.055698,0.055696,25600
6,0.254142,0.198436,0.055706,0.055703,25600
1,0.233085,0.198438,0.034647,0.034646,25600
5,0.233083,0.198205,0.034878,0.034877,25600
7,0.233052,0.198798,0.034254,0.034251,25600
3,0.233098,0.198780,0.034318,0.034312,25600
