Rank,Total Time,Computation Time,Derived Communication Time,Measured Communication Time,Message Size
4,51.483484,51.143345,0.340139,0.340126,819200
0,51.489940,51.292288,0.197652,0.197650,819200
3,51.479530,51.321727,0.157803,0.157796,819200
7,51.475127,51.167868,0.307259,0.307252,819200
1,51.480372,51.339759,0.140613,0.140607,819200
5,51.474562,51.155298,0.319264,0.319255,819200
6,51.479323,51.102824,0.376499,0.376490,819200
2,51.491101,51.328207,0.162894,0.162888,819200
