Rank,Total Time,Computation Time,Derived Communication Time,Measured Communication Time,Message Size
4,0.827073,0.794206,0.032867,0.032863,10240
0,0.827036,0.797894,0.029142,0.029133,10240
2,0.827101,0.800334,0.026767,0.026759,10240
6,0.826947,0.793823,0.033124,0.033117,10240
3,0.827088,0.800401,0.026687,0.026681,10240
7,0.827038,0.793365,0.033673,0.033667,10240
5,0.827065,0.794915,0.032150,0.032146,10240
1,0.827009,0.797466,0.029543,0.029536,10240
