Rank,Total Time,Computation Time,Derived Communication Time,Measured Communication Time,Message Size
0,26.083152,25.669354,0.413798,0.413786,579200
4,26.077689,25.602163,0.475526,0.475507,579200
2,26.083174,25.693485,0.389689,0.389674,579200
6,26.076076,25.573287,0.502789,0.502773,579200
1,26.083898,25.682667,0.401231,0.401210,579200
5,26.077823,25.583794,0.494029,0.494012,579200
7,26.077524,25.589570,0.487954,0.487945,579200
3,26.083617,25.695437,0.388180,0.388157,579200
