Rank,Total Time,Computation Time,Derived Communication Time,Measured Communication Time,Message Size
4,12.858424,12.768254,0.090170,0.090148,40960
0,12.859780,12.826773,0.033007,0.032992,40960
2,12.859554,12.828561,0.030993,0.030979,40960
6,12.858069,12.765112,0.092957,0.092938,40960
3,12.858230,12.770209,0.088021,0.088012,40960
7,12.857055,12.762557,0.094498,0.094476,40960
5,12.856752,12.766197,0.090555,0.090538,40960
1,12.858908,12.810242,0.048666,0.048651,40960
