Rank,Total Time,Computation Time,Derived Communication Time,Measured Communication Time,Message Size
4,0.261336,0.198065,0.063271,0.063267,51200
0,0.261316,0.198388,0.062928,0.062923,51200
3,0.242538,0.200082,0.042456,0.042452,51200
7,0.242538,0.197832,0.044706,0.044702,51200
5,0.242544,0.198162,0.044382,0.044380,51200
1,0.242535,0.198632,0.043903,0.043898,51200
2,0.261339,0.198689,0.062650,0.062646,51200
6,0.261342,0.197871,0.063471,0.063466,51200
