Rank,Total Time,Computation Time,Derived Communication Time,Measured Communication Time,Message Size
4,3.266372,3.196286,0.070086,0.070079,20480
0,3.266707,3.216426,0.050281,0.050279,20480
6,3.265874,3.194497,0.071377,0.071372,20480
2,3.266669,3.218624,0.048045,0.048039,20480
3,3.247333,3.219017,0.028316,0.028309,20480
7,3.246302,3.197219,0.049083,0.049075,20480
1,3.247025,3.217106,0.029919,0.029912,20480
5,3.246861,3.199841,0.047020,0.047019,20480
