Rank,Total Time,Computation Time,Derived Communication Time,Measured Communication Time,Message Size
4,3.245239,3.198876,0.046363,0.046349,2048
0,3.245279,3.219678,0.025601,0.025583,2048
2,3.245335,3.220219,0.025116,0.025096,2048
6,3.245113,3.195830,0.049283,0.049270,2048
3,3.245264,3.218350,0.026914,0.026898,2048
7,3.244838,3.195786,0.049052,0.049036,2048
1,3.245373,3.215960,0.029413,0.029392,2048
5,3.245095,3.196217,0.048878,0.048870,2048
