Rank,Total Time,Computation Time,Derived Communication Time,Measured Communication Time,Message Size
4,25.798286,25.586109,0.212177,0.212153,579200
0,25.803212,25.699722,0.103490,0.103469,579200
2,25.802065,25.684706,0.117359,0.117342,579200
6,25.800894,25.602310,0.198584,0.198573,579200
1,25.802879,25.685608,0.117271,0.117258,579200
5,25.799031,25.576232,0.222799,0.222779,579200
3,25.802272,25.689289,0.112983,0.112964,579200
7,25.799857,25.575929,0.223928,0.223907,579200
