Rank,Total Time,Computation Time,Derived Communication Time,Measured Communication Time,Message Size
4,25.737059,25.581184,0.155875,0.155857,5792
0,25.741092,25.719848,0.021244,0.021228,5792
2,25.741227,25.719841,0.021386,0.021367,5792
6,25.737471,25.595178,0.142293,0.142276,5792
5,25.736837,25.588883,0.147954,0.147940,5792
1,25.740373,25.702538,0.037835,0.037813,5792
3,25.740479,25.702406,0.038073,0.038055,5792
7,25.736277,25.574762,0.161515,0.161505,5792
