Rank,Total Time,Computation Time,Derived Communication Time,Measured Communication Time,Message Size
4,51.427027,51.108970,0.318057,0.318052,40960
0,51.436911,51.387237,0.049674,0.049671,40960
2,51.436081,51.337360,0.098721,0.098715,40960
6,51.429236,51.138524,0.290712,0.290707,40960
3,51.438053,51.396152,0.041901,0.041894,40960
7,51.430707,51.144589,0.286118,0.286106,40960
5,51.431390,51.152404,0.278986,0.278977,40960
1,51.438052,51.377294,0.060758,0.060756,40960
