Rank,Total Time,Computation Time,Derived Communication Time,Measured Communication Time,Message Size
0,2.041435,1.998888,0.042547,0.042525,57920
4,2.042522,2.008138,0.034384,0.034373,57920
2,2.041998,1.991732,0.050266,0.050249,57920
6,2.041763,1.982822,0.058941,0.058925,57920
7,2.041069,1.979617,0.061452,0.061433,57920
3,2.041033,1.983278,0.057755,0.057730,57920
5,2.042134,1.989660,0.052474,0.052463,57920
1,2.040559,1.989928,0.050631,0.050611,57920
