Rank,Total Time,Computation Time,Derived Communication Time,Measured Communication Time,Message Size
0,1.275286,0.880369,0.394917,0.394899,409600
4,1.274579,0.876383,0.398196,0.398178,409600
3,1.272392,0.879879,0.392513,0.392501,409600
7,1.271761,0.869136,0.402625,0.402602,409600
2,1.272501,0.879992,0.392509,0.392493,409600
6,1.271983,0.869504,0.402479,0.402471,409600
1,1.275192,0.876338,0.398854,0.398843,409600
5,1.274539,0.873735,0.400804,0.400788,409600
