Rank,Total Time,Computation Time,Derived Communication Time,Measured Communication Time,Message Size
4,0.097579,0.034216,0.063363,0.063361,51200
0,0.097552,0.035923,0.061629,0.061626,51200
2,0.097633,0.035523,0.062110,0.062105,51200
6,0.097622,0.035116,0.062506,0.062500,51200
7,0.079347,0.036076,0.043271,0.043270,51200
3,0.079356,0.036512,0.042844,0.042844,51200
5,0.079366,0.036324,0.043042,0.043041,51200
1,0.079322,0.035740,0.043582,0.043577,51200
