Rank,Total Time,Computation Time,Derived Communication Time,Measured Communication Time,Message Size
4,0.048149,0.009084,0.039065,0.027464,5120
0,0.048165,0.009601,0.038564,0.027394,5120
2,0.048159,0.009632,0.038527,0.026822,5120
6,0.048144,0.009330,0.038814,0.026823,5120
1,0.028488,0.010763,0.017725,0.016714,5120
5,0.028488,0.010390,0.018098,0.016877,5120
3,0.028484,0.009964,0.018520,0.017615,5120
7,0.028487,0.010256,0.018231,0.017442,5120
