Rank,Total Time,Computation Time,Derived Communication Time,Measured Communication Time,Message Size
0,0.053610,0.009790,0.043820,0.043817,512
4,0.053578,0.008241,0.045337,0.045333,512
3,0.034824,0.009674,0.025150,0.025146,512
7,0.034833,0.009822,0.025011,0.025007,512
6,0.053576,0.008684,0.044892,0.044887,512
2,0.053586,0.009239,0.044347,0.044345,512
5,0.034834,0.009850,0.024984,0.024982,512
1,0.034822,0.009729,0.025093,0.025091,512
