Rank,Total Time,Computation Time,Derived Communication Time,Measured Communication Time,Message Size
0,3.860950,3.801042,0.059908,0.059902,81920
4,3.861718,3.803079,0.058639,0.058629,81920
3,3.854781,3.789771,0.065010,0.065004,81920
7,3.854533,3.755753,0.098780,0.098770,81920
2,3.860785,3.803715,0.057070,0.057064,81920
6,3.861879,3.808279,0.053600,0.053597,81920
1,3.854626,3.790089,0.064537,0.064531,81920
5,3.854783,3.754674,0.100109,0.100102,81920
