Rank,Total Time,Computation Time,Derived Communication Time,Measured Communication Time,Message Size
4,0.279343,0.228490,0.050853,0.050851,20480
0,0.279311,0.226177,0.053134,0.053132,20480
2,0.279123,0.226785,0.052338,0.052329,20480
6,0.279126,0.225401,0.053725,0.053716,20480
5,0.260839,0.228244,0.032595,0.032591,20480
1,0.260791,0.228435,0.032356,0.032351,20480
7,0.260525,0.225066,0.035459,0.035443,20480
3,0.260568,0.228148,0.032420,0.032412,20480
