Rank,Total Time,Computation Time,Derived Communication Time,Measured Communication Time,Message Size
0,0.168073,0.035765,0.132308,0.122329,102400
4,0.168010,0.034855,0.133155,0.121508,102400
6,0.168021,0.034778,0.133243,0.117300,102400
2,0.168100,0.036364,0.131736,0.117306,102400
3,0.149276,0.038028,0.111248,0.106453,102400
5,0.149177,0.036055,0.113122,0.111331,102400
1,0.149271,0.038336,0.110935,0.110511,102400
7,0.149182,0.036093,0.113089,0.106365,102400
