Rank,Total Time,Computation Time,Derived Communication Time,Measured Communication Time,Message Size
4,0.057105,0.035116,0.021989,0.021986,5120
0,0.057042,0.034795,0.022247,0.022242,5120
3,0.057145,0.036423,0.020722,0.020718,5120
7,0.057160,0.036388,0.020772,0.020772,5120
1,0.057143,0.036059,0.021084,0.021082,5120
5,0.057167,0.036474,0.020693,0.020688,5120
2,0.057077,0.035385,0.021692,0.021690,5120
6,0.057096,0.034480,0.022616,0.022614,5120
