Rank,Total Time,Computation Time,Derived Communication Time,Measured Communication Time,Message Size
0,0.942356,0.876393,0.065963,0.065957,20480
4,0.943959,0.906851,0.037108,0.037094,20480
3,0.930409,0.879201,0.051208,0.051205,20480
7,0.930464,0.876783,0.053681,0.053678,20480
1,0.928762,0.881980,0.046782,0.046780,20480
5,0.930974,0.876778,0.054196,0.054186,20480
2,0.943058,0.880171,0.062887,0.062881,20480
6,0.942978,0.873775,0.069203,0.069196,20480
