Rank,Total Time,Computation Time,Derived Communication Time,Measured Communication Time,Message Size
0,3.834979,3.798689,0.036290,0.021981,8192
4,3.834138,3.796692,0.037446,0.024177,8192
2,3.835752,3.794181,0.041571,0.029101,8192
6,3.834425,3.798176,0.036249,0.022608,8192
3,3.829065,3.780050,0.049015,0.029851,8192
7,3.826964,3.759575,0.067389,0.059839,8192
5,3.826984,3.758480,0.068504,0.054185,8192
1,3.828430,3.770194,0.058236,0.050297,8192
