Rank,Total Time,Computation Time,Derived Communication Time,Measured Communication Time,Message Size
0,3.840737,3.807517,0.033220,0.033212,8192
4,3.840783,3.781435,0.059348,0.059343,8192
2,3.840590,3.799246,0.041344,0.041339,8192
6,3.841297,3.803448,0.037849,0.037847,8192
3,3.828166,3.790342,0.037824,0.037819,8192
7,3.828012,3.758181,0.069831,0.069825,8192
5,3.827592,3.770404,0.057188,0.057184,8192
1,3.828432,3.795407,0.033025,0.033016,8192
