Rank,Total Time,Computation Time,Derived Communication Time,Measured Communication Time,Message Size
4,0.072465,0.033633,0.038832,0.038827,5120
0,0.072576,0.036144,0.036432,0.036429,5120
6,0.072543,0.034898,0.037645,0.037641,5120
2,0.072558,0.035008,0.037550,0.037549,5120
1,0.057542,0.036843,0.020699,0.020694,5120
5,0.057526,0.037660,0.019866,0.019861,5120
3,0.057541,0.036570,0.020971,0.020966,5120
7,0.057535,0.036339,0.021196,0.021194,5120
