Rank,Total Time,Computation Time,Derived Communication Time,Measured Communication Time,Message Size
4,0.261922,0.225036,0.036886,0.031564,2048
0,0.261979,0.227770,0.034209,0.019581,2048
1,0.254075,0.228244,0.025831,0.023562,2048
3,0.254076,0.228461,0.025615,0.021000,2048
7,0.254124,0.228714,0.025410,0.023451,2048
5,0.254021,0.226861,0.027160,0.023789,2048
2,0.261945,0.227165,0.034780,0.028790,2048
6,0.261984,0.228186,0.033798,0.019632,2048
