Rank,Total Time,Computation Time,Derived Communication Time,Measured Communication Time,Message Size
4,0.059528,0.009058,0.050470,0.021462,512
0,0.059542,0.009367,0.050175,0.028292,512
2,0.059533,0.016318,0.043215,0.018987,512
6,0.059527,0.009216,0.050311,0.019137,512
3,0.042193,0.010411,0.031782,0.027605,512
7,0.042204,0.010487,0.031717,0.024283,512
1,0.042207,0.009710,0.032497,0.025013,512
5,0.042198,0.009564,0.032634,0.021681,512
