Rank,Total Time,Computation Time,Derived Communication Time,Measured Communication Time,Message Size
0,0.043335,0.009331,0.034004,0.034002,2560
4,0.043332,0.009477,0.033855,0.033850,2560
2,0.043302,0.009702,0.033600,0.033595,2560
6,0.043315,0.009556,0.033759,0.033754,2560
3,0.031851,0.009589,0.022262,0.022261,2560
5,0.031850,0.009692,0.022158,0.022155,2560
1,0.031848,0.009673,0.022175,0.022171,2560
7,0.031875,0.009802,0.022073,0.022072,2560
