Rank,Total Time,Computation Time,Derived Communication Time,Measured Communication Time,Message Size
4,0.281050,0.227473,0.053577,0.053573,2048
0,0.280865,0.226599,0.054266,0.054260,2048
3,0.262207,0.226528,0.035679,0.035674,2048
7,0.262224,0.225792,0.036432,0.036423,2048
5,0.262320,0.228989,0.033331,0.033326,2048
1,0.262112,0.226799,0.035313,0.035304,2048
2,0.280866,0.226109,0.054757,0.054748,2048
6,0.280844,0.225662,0.055182,0.055174,2048
