Rank,Total Time,Computation Time,Derived Communication Time,Measured Communication Time,Message Size
0,0.143954,0.009669,0.134285,0.134285,25600
4,0.143994,0.010216,0.133778,0.133775,25600
1,0.143899,0.009780,0.134119,0.134113,25600
5,0.143974,0.009899,0.134075,0.134073,25600
7,0.141803,0.009687,0.132116,0.132113,25600
3,0.143793,0.009692,0.134101,0.134098,25600
6,0.143887,0.012639,0.131248,0.131245,25600
2,0.143873,0.029355,0.114518,0.114513,25600
