Rank,Total Time,Computation Time,Derived Communication Time,Measured Communication Time,Message Size
4,0.088500,0.034959,0.053541,0.053538,5120
0,0.088480,0.035869,0.052611,0.052608,5120
3,0.068935,0.036430,0.032505,0.032505,5120
7,0.068941,0.036384,0.032557,0.032552,5120
2,0.088486,0.035038,0.053448,0.053444,5120
6,0.088514,0.035390,0.053124,0.053120,5120
5,0.068943,0.036510,0.032433,0.032430,5120
1,0.068913,0.035870,0.033043,0.033040,5120
