Rank,Total Time,Computation Time,Derived Communication Time,Measured Communication Time,Message Size
4,1.854902,0.877196,0.977706,0.977690,4096000
0,1.854933,0.881742,0.973191,0.973175,4096000
3,1.854664,0.879720,0.974944,0.974928,4096000
7,1.854766,0.874862,0.979904,0.979889,4096000
5,1.854629,0.875853,0.978776,0.978770,4096000
1,1.854627,0.880190,0.974437,0.974421,4096000
2,1.854809,0.880553,0.974256,0.974247,4096000
6,1.854811,0.874388,0.980423,0.980398,4096000
