Rank,Total Time,Computation Time,Derived Communication Time,Measured Communication Time,Message Size
4,2.046300,2.010782,0.035518,0.035506,57920
0,2.044891,2.001609,0.043282,0.043265,57920
2,2.045515,1.995528,0.049987,0.049970,57920
6,2.046007,1.997164,0.048843,0.048823,57920
1,2.044396,1.992770,0.051626,0.051610,57920
5,2.045562,1.974211,0.071351,0.071337,57920
3,2.044549,2.000429,0.044120,0.044103,57920
7,2.044936,1.982014,0.062922,0.062901,57920
