Rank,Total Time,Computation Time,Derived Communication Time,Measured Communication Time,Message Size
0,0.066231,0.009158,0.057073,0.057068,51200
4,0.066228,0.009072,0.057156,0.057153,51200
7,0.047063,0.010189,0.036874,0.036871,51200
3,0.047121,0.010191,0.036930,0.036926,51200
2,0.066309,0.009631,0.056678,0.056673,51200
6,0.066237,0.009334,0.056903,0.056902,51200
5,0.047043,0.009803,0.037240,0.037234,51200
1,0.047057,0.009830,0.037227,0.037225,51200
