Rank,Total Time,Computation Time,Derived Communication Time,Measured Communication Time,Message Size
0,1.004621,0.877275,0.127346,0.127337,204800
4,1.005015,0.889823,0.115192,0.115185,204800
3,0.990605,0.877153,0.113452,0.113442,204800
7,0.990645,0.876552,0.114093,0.114086,204800
2,1.004102,0.878092,0.126010,0.126006,204800
6,1.004132,0.876048,0.128084,0.128080,204800
1,0.991211,0.882810,0.108401,0.108393,204800
5,0.991066,0.872540,0.118526,0.118515,204800
