Rank,Total Time,Computation Time,Derived Communication Time,Measured Communication Time,Message Size
4,0.339106,0.236384,0.102722,0.102715,102400
0,0.338729,0.224644,0.114085,0.114079,102400
1,0.338566,0.227853,0.110713,0.110710,102400
5,0.338535,0.225957,0.112578,0.112572,102400
2,0.339582,0.228057,0.111525,0.111522,102400
6,0.339589,0.226812,0.112777,0.112764,102400
3,0.339659,0.225927,0.113732,0.113730,102400
7,0.339586,0.226249,0.113337,0.113327,102400
