Rank,Total Time,Computation Time,Derived Communication Time,Measured Communication Time,Message Size
4,1.859789,0.872683,0.987106,0.979515,4096000
0,1.860142,0.879249,0.980893,0.975946,4096000
3,1.860156,0.881521,0.978635,0.973499,4096000
7,1.859835,0.873065,0.986770,0.982583,4096000
2,1.860122,0.879475,0.980647,0.974813,4096000
6,1.859986,0.877084,0.982902,0.978456,4096000
1,1.860097,0.878773,0.981324,0.978064,4096000
5,1.859939,0.876791,0.983148,0.977660,4096000
