Rank,Total Time,Computation Time,Derived Communication Time,Measured Communication Time,Message Size
0,3.836907,3.797181,0.039726,0.039722,40960
4,3.835526,3.792969,0.042557,0.042546,40960
3,3.827814,3.775274,0.052540,0.052536,40960
7,3.827151,3.764878,0.062273,0.062262,40960
2,3.836781,3.790900,0.045881,0.045874,40960
6,3.835677,3.780390,0.055287,0.055278,40960
1,3.828846,3.784656,0.044190,0.044187,40960
5,3.827807,3.784443,0.043364,0.043360,40960
