Rank,Total Time,Computation Time,Derived Communication Time,Measured Communication Time,Message Size
0,7.457252,1.999304,5.457948,5.457938,5792000
4,7.458775,2.008659,5.450116,5.450102,5792000
1,7.456926,1.997200,5.459726,5.459703,5792000
2,7.501920,2.005986,5.495934,5.495917,5792000
6,7.502141,1.999173,5.502968,5.502942,5792000
5,7.458480,1.994877,5.463603,5.463588,5792000
3,7.501807,1.994753,5.507054,5.507040,5792000
7,7.501903,1.993736,5.508167,5.508152,5792000
