Rank,Total Time,Computation Time,Derived Communication Time,Measured Communication Time,Message Size
0,3.406898,2.004727,1.402171,1.402164,5792000
4,3.406734,1.988289,1.418445,1.418442,5792000
2,3.407011,2.005905,1.401106,1.401097,5792000
6,3.407082,2.002008,1.405074,1.405069,5792000
1,3.394894,1.987448,1.407446,1.407439,5792000
3,3.394452,1.988856,1.405596,1.405591,5792000
7,3.394927,1.998073,1.396854,1.396847,5792000
5,3.394945,1.997477,1.397468,1.397458,5792000
