Rank,Total Time,Computation Time,Derived Communication Time,Measured Communication Time,Message Size
4,0.120033,0.034830,0.085203,0.085201,102400
0,0.119995,0.035212,0.084783,0.084781,102400
1,0.102445,0.035953,0.066492,0.066486,102400
2,0.120355,0.034894,0.085461,0.085460,102400
6,0.120343,0.034860,0.085483,0.085478,102400
5,0.102488,0.036311,0.066177,0.066175,102400
3,0.102810,0.037100,0.065710,0.065704,102400
7,0.102786,0.036231,0.066555,0.066551,102400
