Rank,Total Time,Computation Time,Derived Communication Time,Measured Communication Time,Message Size
0,0.061199,0.009413,0.051786,0.051784,51200
4,0.061219,0.009090,0.052129,0.052126,51200
2,0.061194,0.009533,0.051661,0.051655,51200
6,0.061167,0.009536,0.051631,0.051631,51200
5,0.049627,0.010104,0.039523,0.039519,51200
1,0.049609,0.009801,0.039808,0.039807,51200
7,0.049609,0.009840,0.039769,0.039768,51200
3,0.049607,0.009630,0.039977,0.039974,51200
