Rank,Total Time,Computation Time,Derived Communication Time,Measured Communication Time,Message Size
4,1.099353,0.875351,0.224002,0.212002,409600
0,1.099448,0.875977,0.223471,0.212646,409600
7,1.083873,0.878697,0.205176,0.202602,409600
3,1.083798,0.875101,0.208697,0.204817,409600
2,1.099372,0.875457,0.223915,0.210822,409600
6,1.099350,0.873569,0.225781,0.214038,409600
5,1.083797,0.874335,0.209462,0.206072,409600
1,1.083746,0.875688,0.208058,0.205428,409600
