Rank,Total Time,Computation Time,Derived Communication Time,Measured Communication Time,Message Size
4,0.299218,0.035728,0.263490,0.263483,1024000
0,0.299205,0.037076,0.262129,0.262127,1024000
6,0.299109,0.035213,0.263896,0.263893,1024000
2,0.299217,0.037625,0.261592,0.261588,1024000
7,0.299274,0.036862,0.262412,0.262404,1024000
3,0.299343,0.038629,0.260714,0.260707,1024000
1,0.299298,0.038235,0.261063,0.261056,1024000
5,0.299308,0.036830,0.262478,0.262470,1024000
