Rank,Total Time,Computation Time,Derived Communication Time,Measured Communication Time,Message Size
4,4.742826,1.988260,2.754566,2.754556,5792000
0,4.743313,2.003538,2.739775,2.739771,5792000
2,4.730603,2.015949,2.714654,2.714647,5792000
6,4.728632,2.002454,2.726178,2.726169,5792000
5,4.735368,1.980139,2.755229,2.755223,5792000
1,4.735770,1.996177,2.739593,2.739587,5792000
7,4.720931,1.990145,2.730786,2.730777,5792000
3,4.722695,1.994876,2.727819,2.727813,5792000
