Rank,Total Time,Computation Time,Derived Communication Time,Measured Communication Time,Message Size
4,0.281311,0.009114,0.272197,0.272192,512000
0,0.281348,0.009449,0.271899,0.271894,512000
1,0.262465,0.009927,0.252538,0.252533,512000
5,0.262438,0.009764,0.252674,0.252669,512000
3,0.260738,0.009688,0.251050,0.251042,512000
7,0.260739,0.009983,0.250756,0.250750,512000
2,0.279646,0.009915,0.269731,0.269722,512000
6,0.279648,0.009901,0.269747,0.269744,512000
