Rank,Total Time,Computation Time,Derived Communication Time,Measured Communication Time,Message Size
0,0.445837,0.224390,0.221447,0.221441,204800
4,0.446079,0.227305,0.218774,0.218771,204800
5,0.430598,0.227988,0.202610,0.202605,204800
1,0.430389,0.226933,0.203456,0.203445,204800
7,0.430477,0.227427,0.203050,0.203046,204800
3,0.430424,0.226993,0.203431,0.203423,204800
6,0.445916,0.225982,0.219934,0.219927,204800
2,0.445842,0.224709,0.221133,0.221130,204800
