Rank,Total Time,Computation Time,Derived Communication Time,Measured Communication Time,Message Size
0,3.844040,3.798344,0.045696,0.045679,81920
4,3.843099,3.773048,0.070051,0.070038,81920
1,3.844169,3.789714,0.054455,0.054440,81920
2,3.844041,3.795106,0.048935,0.048923,81920
6,3.843379,3.773282,0.070097,0.070083,81920
3,3.843846,3.782049,0.061797,0.061783,81920
7,3.843432,3.786542,0.056890,0.056873,81920
5,3.843352,3.787674,0.055678,0.055658,81920
