Rank,Total Time,Computation Time,Derived Communication Time,Measured Communication Time,Message Size
4,3.997835,3.794720,0.203115,0.203114,409600
0,3.998105,3.797921,0.200184,0.200177,409600
1,3.997794,3.781390,0.216404,0.216399,409600
6,3.996525,3.800042,0.196483,0.196478,409600
2,3.996821,3.794664,0.202157,0.202151,409600
5,3.997792,3.785897,0.211895,0.211891,409600
7,3.995833,3.766708,0.229125,0.229119,409600
3,3.995368,3.778051,0.217317,0.217312,409600
