Rank,Total Time,Computation Time,Derived Communication Time,Measured Communication Time,Message Size
4,0.029091,0.009135,0.019956,0.019956,512
0,0.029105,0.009206,0.019899,0.019894,512
3,0.029093,0.011203,0.017890,0.017885,512
7,0.029097,0.011055,0.018042,0.018037,512
2,0.029082,0.011189,0.017893,0.017889,512
6,0.029077,0.010769,0.018308,0.018299,512
5,0.029106,0.010046,0.019060,0.019054,512
1,0.029118,0.010109,0.019009,0.019006,512
