Rank,Total Time,Computation Time,Derived Communication Time,Measured Communication Time,Message Size
0,0.266787,0.009566,0.257221,0.257214,512000
4,0.266727,0.009200,0.257527,0.257524,512000
5,0.266743,0.009890,0.256853,0.256846,512000
7,0.264909,0.009713,0.255196,0.255193,512000
3,0.264934,0.009878,0.255056,0.255052,512000
1,0.266804,0.010115,0.256689,0.256684,512000
6,0.264900,0.009491,0.255409,0.255405,512000
2,0.264922,0.009538,0.255384,0.255380,512000
