Rank,Total Time,Computation Time,Derived Communication Time,Measured Communication Time,Message Size
0,0.059055,0.008798,0.050257,0.050254,25600
4,0.059088,0.009461,0.049627,0.049625,25600
1,0.048608,0.009764,0.038844,0.038841,25600
2,0.059389,0.015940,0.043449,0.043444,25600
6,0.059141,0.019218,0.039923,0.039918,25600
5,0.048642,0.009903,0.038739,0.038735,25600
3,0.049080,0.010168,0.038912,0.038911,25600
7,0.048594,0.009796,0.038798,0.038794,25600
