Rank,Total Time,Computation Time,Derived Communication Time,Measured Communication Time,Message Size
0,3.862267,3.791288,0.070979,0.070976,40960
4,3.862966,3.808395,0.054571,0.054567,40960
5,3.852394,3.791107,0.061287,0.061282,40960
2,3.862885,3.796899,0.065986,0.065979,40960
6,3.862440,3.802315,0.060125,0.060119,40960
1,3.851044,3.777563,0.073481,0.073475,40960
7,3.852329,3.790493,0.061836,0.061827,40960
3,3.851192,3.781597,0.069595,0.069591,40960
