Rank,Total Time,Computation Time,Derived Communication Time,Measured Communication Time,Message Size
4,0.265173,0.227563,0.037610,0.037603,2048
0,0.264907,0.225215,0.039692,0.039681,2048
2,0.265108,0.226475,0.038633,0.038621,2048
6,0.265070,0.225146,0.039924,0.039920,2048
1,0.246448,0.226867,0.019581,0.019572,2048
3,0.246592,0.227475,0.019117,0.019112,2048
7,0.246581,0.225800,0.020781,0.020776,2048
5,0.246720,0.229595,0.017125,0.017120,2048
