Rank,Total Time,Computation Time,Derived Communication Time,Measured Communication Time,Message Size
0,2.226859,2.043709,0.183150,0.183147,28960
4,2.244611,2.222713,0.021898,0.021889,28960
5,2.233671,1.987924,0.245747,0.245742,28960
2,2.233894,2.011218,0.222676,0.222668,28960
6,2.233897,2.001344,0.232553,0.232546,28960
1,2.222710,2.002544,0.220166,0.220164,28960
3,2.226121,1.992763,0.233358,0.233351,28960
7,2.226131,1.998404,0.227727,0.227720,28960
