Rank,Total Time,Computation Time,Derived Communication Time,Measured Communication Time,Message Size
0,2.551220,2.007102,0.544118,0.538159,579200
4,2.550699,1.994950,0.555749,0.546222,579200
2,2.551012,2.003010,0.548002,0.533599,579200
6,2.550649,1.992979,0.557670,0.540445,579200
7,2.537462,1.993667,0.543795,0.532884,579200
3,2.537377,1.984352,0.553025,0.544929,579200
5,2.537116,1.983704,0.553412,0.546411,579200
1,2.537415,1.990163,0.547252,0.544799,579200
