Rank,Total Time,Computation Time,Derived Communication Time,Measured Communication Time,Message Size
4,0.299699,0.234906,0.064793,0.064789,102400
0,0.299450,0.228390,0.071060,0.071056,102400
5,0.284763,0.225326,0.059437,0.059426,102400
2,0.299431,0.230049,0.069382,0.069378,102400
6,0.299288,0.228009,0.071279,0.071270,102400
1,0.284903,0.231712,0.053191,0.053183,102400
7,0.284734,0.226748,0.057986,0.057979,102400
3,0.284646,0.226628,0.058018,0.058014,102400
