Rank,Total Time,Computation Time,Derived Communication Time,Measured Communication Time,Message Size
4,2.160225,2.010584,0.149641,0.149633,289600
0,2.159879,2.003035,0.156844,0.156843,289600
2,2.159472,2.004848,0.154624,0.154618,289600
6,2.159528,1.999900,0.159628,0.159626,289600
1,2.150275,1.998942,0.151333,0.151325,289600
5,2.150031,1.988049,0.161982,0.161974,289600
3,2.149812,1.997692,0.152120,0.152115,289600
7,2.149965,1.994353,0.155612,0.155602,289600
