Rank,Total Time,Computation Time,Derived Communication Time,Measured Communication Time,Message Size
4,1.004804,0.035123,0.969681,0.969674,1024000
0,1.005073,0.036994,0.968079,0.968071,1024000
2,1.000282,0.035788,0.964494,0.964489,1024000
6,0.999976,0.035104,0.964872,0.964868,1024000
1,1.005042,0.038010,0.967032,0.967029,1024000
5,1.004884,0.036771,0.968113,0.968108,1024000
7,1.000038,0.036848,0.963190,0.963184,1024000
3,1.000572,0.038574,0.961998,0.961989,1024000
