Rank,Total Time,Computation Time,Derived Communication Time,Measured Communication Time,Message Size
4,2.280297,2.019042,0.261255,0.261247,289600
0,2.279971,2.002530,0.277441,0.277436,289600
7,2.275841,1.979513,0.296328,0.296322,289600
3,2.277761,1.997769,0.279992,0.279987,289600
5,2.279069,1.978962,0.300107,0.300101,289600
1,2.279972,1.998055,0.281917,0.281908,289600
6,2.277513,1.997623,0.279890,0.279879,289600
2,2.278739,2.003099,0.275640,0.275632,289600
