Rank,Total Time,Computation Time,Derived Communication Time,Measured Communication Time,Message Size
4,0.284304,0.228204,0.056100,0.056094,20480
0,0.284275,0.225868,0.058407,0.058403,20480
3,0.265518,0.227968,0.037550,0.037543,20480
7,0.265395,0.224205,0.041190,0.041181,20480
1,0.265496,0.227552,0.037944,0.037934,20480
5,0.265607,0.229414,0.036193,0.036191,20480
2,0.284273,0.227470,0.056803,0.056795,20480
6,0.284093,0.224932,0.059161,0.059153,20480
