Rank,Total Time,Computation Time,Derived Communication Time,Measured Communication Time,Message Size
4,2.025813,2.007302,0.018511,0.018491,5792
0,2.024963,1.993769,0.031194,0.031175,5792
3,2.024613,1.989937,0.034676,0.034657,5792
7,2.024970,1.989220,0.035750,0.035739,5792
6,2.025754,1.998300,0.027454,0.027436,5792
2,2.025379,1.991572,0.033807,0.033790,5792
1,2.024877,1.990245,0.034632,0.034612,5792
5,2.025297,1.977783,0.047514,0.047500,5792
