Rank,Total Time,Computation Time,Derived Communication Time,Measured Communication Time,Message Size
4,0.093954,0.035392,0.058562,0.058558,51200
0,0.093986,0.039067,0.054919,0.054915,51200
7,0.074953,0.036707,0.038246,0.038243,51200
3,0.074953,0.036164,0.038789,0.038784,51200
6,0.093707,0.034035,0.059672,0.059668,51200
2,0.093758,0.036676,0.057082,0.057075,51200
1,0.075113,0.037682,0.037431,0.037428,51200
5,0.075113,0.037339,0.037774,0.037769,51200
