Rank,Total Time,Computation Time,Derived Communication Time,Measured Communication Time,Message Size
0,2.844862,0.877586,1.967276,1.964689,4096000
4,2.845017,0.875398,1.969619,1.966177,4096000
5,2.844973,0.873482,1.971491,1.967649,4096000
1,2.844852,0.877602,1.967250,1.964335,4096000
3,2.844873,0.876844,1.968029,1.944621,4096000
7,2.845054,0.876630,1.968424,1.943751,4096000
6,2.844989,0.872476,1.972513,1.947534,4096000
2,2.845008,0.882080,1.962928,1.939353,4096000
