Rank,Total Time,Computation Time,Derived Communication Time,Measured Communication Time,Message Size
0,1.034883,0.036952,0.997931,0.987400,1024000
4,1.034863,0.035177,0.999686,0.988253,1024000
5,1.013783,0.036743,0.977040,0.965518,1024000
3,1.013791,0.038619,0.975172,0.970054,1024000
7,1.013748,0.035769,0.977979,0.971018,1024000
1,1.013788,0.038518,0.975270,0.964652,1024000
6,1.034849,0.035243,0.999606,0.987760,1024000
2,1.034827,0.036567,0.998260,0.987804,1024000
