Rank,Total Time,Computation Time,Derived Communication Time,Measured Communication Time,Message Size
0,5.755249,3.781941,1.973308,1.973302,8192000
4,5.756018,3.800280,1.955738,1.955727,8192000
2,5.755452,3.783537,1.971915,1.971895,8192000
6,5.756150,3.802037,1.954113,1.954098,8192000
3,5.754010,3.776161,1.977849,1.977835,8192000
7,5.754541,3.777448,1.977093,1.977075,8192000
5,5.755603,3.784442,1.971161,1.971146,8192000
1,5.754003,3.780845,1.973158,1.973139,8192000
