Rank,Total Time,Computation Time,Derived Communication Time,Measured Communication Time,Message Size
4,0.305420,0.234681,0.070739,0.070732,102400
0,0.305109,0.225160,0.079949,0.079941,102400
2,0.305528,0.227659,0.077869,0.077868,102400
6,0.305527,0.227085,0.078442,0.078433,102400
3,0.290630,0.225424,0.065206,0.065203,102400
5,0.290337,0.226948,0.063389,0.063382,102400
1,0.290213,0.227445,0.062768,0.062765,102400
7,0.290733,0.226446,0.064287,0.064278,102400
