Rank,Total Time,Computation Time,Derived Communication Time,Measured Communication Time,Message Size
0,2.084843,2.005178,0.079665,0.079661,57920
4,2.085341,2.004355,0.080986,0.080983,57920
2,2.085002,2.008241,0.076761,0.076755,57920
6,2.085648,2.011258,0.074390,0.074380,57920
3,2.072349,1.990237,0.082112,0.082106,57920
7,2.073164,1.991122,0.082042,0.082038,57920
1,2.072079,1.989228,0.082851,0.082845,57920
5,2.072717,1.975009,0.097708,0.097699,57920
