Rank,Total Time,Computation Time,Derived Communication Time,Measured Communication Time,Message Size
4,4.767644,0.876120,3.891524,3.874151,4096000
0,4.767716,0.880424,3.887292,3.870167,4096000
1,4.757206,0.877558,3.879648,3.862490,4096000
7,4.757167,0.874933,3.882234,3.825273,4096000
3,4.757116,0.877610,3.879506,3.823902,4096000
5,4.757347,0.878879,3.878468,3.861073,4096000
2,4.767621,0.879255,3.888366,3.832788,4096000
6,4.767627,0.874818,3.892809,3.835875,4096000
