Rank,Total Time,Computation Time,Derived Communication Time,Measured Communication Time,Message Size
4,2.045849,2.007294,0.038555,0.038550,5792
0,2.045196,1.994011,0.051185,0.051179,5792
1,2.030311,1.989313,0.040998,0.040997,5792
6,2.045714,2.002439,0.043275,0.043268,5792
5,2.031420,1.996702,0.034718,0.034713,5792
2,2.045347,1.996805,0.048542,0.048538,5792
3,2.030701,1.992716,0.037985,0.037982,5792
7,2.030879,1.984003,0.046876,0.046859,5792
