Rank,Total Time,Computation Time,Derived Communication Time,Measured Communication Time,Message Size
0,0.924667,0.879039,0.045628,0.045625,40960
4,0.924718,0.876535,0.048183,0.048170,40960
6,0.924777,0.878873,0.045904,0.045895,40960
2,0.924756,0.878409,0.046347,0.046343,40960
3,0.917825,0.878646,0.039179,0.039166,40960
7,0.917734,0.868624,0.049110,0.049100,40960
1,0.917969,0.878178,0.039791,0.039782,40960
5,0.917642,0.870868,0.046774,0.046768,40960
