Rank,Total Time,Computation Time,Derived Communication Time,Measured Communication Time,Message Size
4,3.865587,3.795873,0.069714,0.053713,81920
0,3.865843,3.802594,0.063249,0.048193,81920
3,3.857361,3.783875,0.073486,0.064118,81920
7,3.856922,3.776734,0.080188,0.071165,81920
2,3.865701,3.797204,0.068497,0.051374,81920
6,3.866087,3.802767,0.063320,0.048711,81920
1,3.857236,3.773257,0.083979,0.074339,81920
5,3.857515,3.791754,0.065761,0.058054,81920
