Rank,Total Time,Computation Time,Derived Communication Time,Measured Communication Time,Message Size
0,2.313803,2.191326,0.122477,0.122475,28960
4,2.322483,2.191312,0.131171,0.131166,28960
1,2.304995,1.998885,0.306110,0.306103,28960
3,2.312782,1.992144,0.320638,0.320633,28960
7,2.312282,2.001645,0.310637,0.310628,28960
5,2.317861,1.989509,0.328352,0.328344,28960
6,2.317670,1.983813,0.333857,0.333843,28960
2,2.318323,2.007009,0.311314,0.311310,28960
