Rank,Total Time,Computation Time,Derived Communication Time,Measured Communication Time,Message Size
4,0.051870,0.009089,0.042781,0.042775,51200
0,0.051925,0.009192,0.042733,0.042728,51200
2,0.051891,0.009388,0.042503,0.042498,51200
6,0.051853,0.009381,0.042472,0.042470,51200
1,0.051942,0.009826,0.042116,0.042111,51200
7,0.051847,0.009381,0.042466,0.042457,51200
3,0.051900,0.009747,0.042153,0.042148,51200
5,0.051899,0.009667,0.042232,0.042227,51200
