Rank,Total Time,Computation Time,Derived Communication Time,Measured Communication Time,Message Size
4,0.316246,0.035020,0.281226,0.256256,1024000
0,0.316283,0.036967,0.279316,0.267350,1024000
1,0.304314,0.038485,0.265829,0.252256,1024000
6,0.316238,0.034358,0.281880,0.268147,1024000
2,0.316300,0.037225,0.279075,0.258010,1024000
7,0.304282,0.036720,0.267562,0.253633,1024000
3,0.304312,0.038669,0.265643,0.264848,1024000
5,0.304284,0.036769,0.267515,0.265705,1024000
