Rank,Total Time,Computation Time,Derived Communication Time,Measured Communication Time,Message Size
4,3.862513,3.803565,0.058948,0.058941,40960
0,3.862366,3.804003,0.058363,0.058360,40960
1,3.851663,3.784545,0.067118,0.067111,40960
3,3.851512,3.780838,0.070674,0.070665,40960
7,3.851669,3.767355,0.084314,0.084308,40960
6,3.862207,3.802834,0.059373,0.059367,40960
2,3.862101,3.791509,0.070592,0.070581,40960
5,3.851921,3.793309,0.058612,0.058606,40960
