Rank,Total Time,Computation Time,Derived Communication Time,Measured Communication Time,Message Size
4,0.270704,0.234901,0.035803,0.035795,10240
0,0.270186,0.226582,0.043604,0.043599,10240
3,0.253559,0.226811,0.026748,0.026744,10240
7,0.253536,0.227515,0.026021,0.026017,10240
5,0.253820,0.228180,0.025640,0.025632,10240
1,0.253257,0.228646,0.024611,0.024605,10240
6,0.270402,0.226444,0.043958,0.043949,10240
2,0.270514,0.229341,0.041173,0.041169,10240
