Rank,Total Time,Computation Time,Derived Communication Time,Measured Communication Time,Message Size
4,0.902306,0.877414,0.024892,0.024876,4096
0,0.902469,0.882933,0.019536,0.019523,4096
2,0.902422,0.880702,0.021720,0.021706,4096
6,0.902330,0.875320,0.027010,0.027002,4096
7,0.902307,0.876455,0.025852,0.025843,4096
3,0.902368,0.880783,0.021585,0.021576,4096
1,0.902230,0.877703,0.024527,0.024512,4096
5,0.902229,0.876194,0.026035,0.026014,4096
