Rank,Total Time,Computation Time,Derived Communication Time,Measured Communication Time,Message Size
0,0.916911,0.880436,0.036475,0.036465,4096
4,0.916838,0.878007,0.038831,0.038822,4096
1,0.898632,0.878190,0.020442,0.020440,4096
7,0.898349,0.870932,0.027417,0.027408,4096
3,0.898505,0.879972,0.018533,0.018528,4096
5,0.898568,0.875716,0.022852,0.022842,4096
6,0.916909,0.874346,0.042563,0.042553,4096
2,0.916851,0.878038,0.038813,0.038807,4096
