Rank,Total Time,Computation Time,Derived Communication Time,Measured Communication Time,Message Size
0,0.252286,0.226857,0.025429,0.025409,2048
4,0.252373,0.227980,0.024393,0.024374,2048
1,0.252443,0.228726,0.023717,0.023699,2048
2,0.252457,0.229097,0.023360,0.023350,2048
6,0.252353,0.225349,0.027004,0.026985,2048
5,0.252482,0.227448,0.025034,0.025021,2048
7,0.252337,0.226571,0.025766,0.025750,2048
3,0.252404,0.229483,0.022921,0.022908,2048
