Rank,Total Time,Computation Time,Derived Communication Time,Measured Communication Time,Message Size
4,4.570116,3.800061,0.770055,0.770040,819200
0,4.569121,3.789404,0.779717,0.779700,819200
5,4.569319,3.764654,0.804665,0.804648,819200
2,4.563399,3.780229,0.783170,0.783158,819200
6,4.564527,3.798405,0.766122,0.766106,819200
1,4.569459,3.784946,0.784513,0.784497,819200
3,4.562031,3.782039,0.779992,0.779969,819200
7,4.563170,3.783455,0.779715,0.779699,819200
