Rank,Total Time,Computation Time,Derived Communication Time,Measured Communication Time,Message Size
0,0.058143,0.034021,0.024122,0.024117,1024
4,0.058209,0.034957,0.023252,0.023248,1024
3,0.058241,0.036591,0.021650,0.021647,1024
7,0.058256,0.036450,0.021806,0.021802,1024
1,0.058232,0.036117,0.022115,0.022109,1024
2,0.058187,0.034956,0.023231,0.023225,1024
6,0.058206,0.034800,0.023406,0.023394,1024
5,0.058255,0.036496,0.021759,0.021752,1024
