Rank,Total Time,Computation Time,Derived Communication Time,Measured Communication Time,Message Size
0,0.084083,0.034073,0.050010,0.050005,10240
4,0.084019,0.034827,0.049192,0.049190,10240
3,0.065369,0.036631,0.028738,0.028736,10240
7,0.065364,0.036413,0.028951,0.028948,10240
1,0.065403,0.036594,0.028809,0.028804,10240
2,0.084073,0.034970,0.049103,0.049099,10240
6,0.084024,0.033931,0.050093,0.050092,10240
5,0.065357,0.035823,0.029534,0.029530,10240
