Rank,Total Time,Computation Time,Derived Communication Time,Measured Communication Time,Message Size
4,2.044859,2.005552,0.039307,0.027680,5792
0,2.044768,1.998176,0.046592,0.033301,5792
1,2.027708,1.989146,0.038562,0.026050,5792
2,2.044946,2.008939,0.036007,0.024830,5792
6,2.044481,1.992981,0.051500,0.037067,5792
5,2.027667,1.987799,0.039868,0.034106,5792
3,2.027741,1.991153,0.036588,0.033938,5792
7,2.027727,1.988921,0.038806,0.023943,5792
