Rank,Total Time,Computation Time,Derived Communication Time,Measured Communication Time,Message Size
0,4.008438,3.796980,0.211458,0.211453,819200
4,4.009018,3.804791,0.204227,0.204224,819200
7,4.007426,3.760928,0.246498,0.246493,819200
3,4.006649,3.782440,0.224209,0.224207,819200
2,4.008195,3.792627,0.215568,0.215561,819200
6,4.009067,3.801320,0.207747,0.207740,819200
1,4.006692,3.790173,0.216519,0.216514,819200
5,4.007690,3.749794,0.257896,0.257887,819200
