Rank,Total Time,Computation Time,Derived Communication Time,Measured Communication Time,Message Size
4,0.942931,0.901579,0.041352,0.041348,20480
0,0.941648,0.877365,0.064283,0.064278,20480
2,0.942459,0.879797,0.062662,0.062660,20480
6,0.942377,0.872868,0.069509,0.069501,20480
7,0.926913,0.877921,0.048992,0.048987,20480
3,0.926823,0.881665,0.045158,0.045152,20480
1,0.926222,0.877422,0.048800,0.048794,20480
5,0.927491,0.875846,0.051645,0.051641,20480
