Rank,Total Time,Computation Time,Derived Communication Time,Measured Communication Time,Message Size
0,0.148204,0.009450,0.138754,0.138750,512000
4,0.148175,0.008397,0.139778,0.139776,512000
5,0.148122,0.009410,0.138712,0.138709,512000
2,0.148196,0.009540,0.138656,0.138649,512000
6,0.148213,0.009516,0.138697,0.138694,512000
1,0.148175,0.008524,0.139651,0.139650,512000
3,0.148218,0.010210,0.138008,0.137998,512000
7,0.148214,0.009496,0.138718,0.138714,512000
