Rank,Total Time,Computation Time,Derived Communication Time,Measured Communication Time,Message Size
4,0.255870,0.227580,0.028290,0.028275,20480
0,0.255852,0.227759,0.028093,0.028076,20480
3,0.255978,0.230096,0.025882,0.025859,20480
7,0.255910,0.226843,0.029067,0.029050,20480
1,0.255930,0.228056,0.027874,0.027852,20480
2,0.255912,0.228066,0.027846,0.027831,20480
6,0.255741,0.226546,0.029195,0.029169,20480
5,0.255930,0.226833,0.029097,0.029077,20480
