Rank,Total Time,Computation Time,Derived Communication Time,Measured Communication Time,Message Size
0,2.025088,1.999193,0.025895,0.025883,5792
4,2.025401,2.001544,0.023857,0.023839,5792
1,2.024939,1.990948,0.033991,0.033970,5792
2,2.025235,1.992925,0.032310,0.032293,5792
6,2.024812,1.982329,0.042483,0.042465,5792
5,2.025217,1.991831,0.033386,0.033376,5792
3,2.024873,1.988835,0.036038,0.036022,5792
7,2.024929,1.995944,0.028985,0.028971,5792
