Rank,Total Time,Computation Time,Derived Communication Time,Measured Communication Time,Message Size
4,0.738366,0.225743,0.512623,0.512615,2048000
0,0.738363,0.226766,0.511597,0.511594,2048000
2,0.738383,0.225674,0.512709,0.512705,2048000
6,0.738453,0.225802,0.512651,0.512643,2048000
1,0.718113,0.226092,0.492021,0.492006,2048000
5,0.718247,0.227884,0.490363,0.490359,2048000
3,0.718232,0.227518,0.490714,0.490706,2048000
7,0.718248,0.227872,0.490376,0.490368,2048000
