Rank,Total Time,Computation Time,Derived Communication Time,Measured Communication Time,Message Size
4,7.505111,1.998041,5.507070,5.488201,5792000
0,7.504765,2.003605,5.501160,5.481744,5792000
1,7.504245,1.981224,5.523021,5.503580,5792000
6,7.505276,2.005266,5.500010,5.442305,5792000
2,7.504951,2.002340,5.502611,5.442657,5792000
5,7.504585,1.978465,5.526120,5.507216,5792000
7,7.504797,1.992145,5.512652,5.454934,5792000
3,7.504714,1.993872,5.510842,5.450892,5792000
