Rank,Total Time,Computation Time,Derived Communication Time,Measured Communication Time,Message Size
0,4.193809,3.799029,0.394780,0.394777,409600
4,4.193702,3.801544,0.392158,0.392148,409600
3,4.183734,3.775283,0.408451,0.408447,409600
7,4.185132,3.791193,0.393939,0.393931,409600
2,4.191298,3.788685,0.402613,0.402603,409600
6,4.192221,3.804921,0.387300,0.387291,409600
1,4.186474,3.779836,0.406638,0.406633,409600
5,4.185975,3.765833,0.420142,0.420137,409600
