Rank,Total Time,Computation Time,Derived Communication Time,Measured Communication Time,Message Size
0,0.057723,0.008676,0.049047,0.049041,25600
4,0.057790,0.009500,0.048290,0.048290,25600
1,0.057657,0.016059,0.041598,0.041594,25600
5,0.057767,0.010278,0.047489,0.047486,25600
3,0.057735,0.008761,0.048974,0.048972,25600
7,0.057738,0.009857,0.047881,0.047874,25600
6,0.057730,0.009786,0.047944,0.047939,25600
2,0.057603,0.009516,0.048087,0.048082,25600
