Rank,Total Time,Computation Time,Derived Communication Time,Measured Communication Time,Message Size
4,2.090065,2.025273,0.064792,0.064785,289600
0,2.088321,2.006183,0.082138,0.082128,289600
2,2.088927,2.002885,0.086042,0.086038,289600
6,2.088452,1.986416,0.102036,0.102023,289600
3,2.087727,1.991898,0.095829,0.095824,289600
7,2.087386,1.990424,0.096962,0.096952,289600
5,2.088595,1.989476,0.099119,0.099114,289600
1,2.086553,1.987228,0.099325,0.099317,289600
