Rank,Total Time,Computation Time,Derived Communication Time,Measured Communication Time,Message Size
4,0.289219,0.009117,0.280102,0.264046,512000
0,0.289240,0.009906,0.279334,0.264210,512000
7,0.270000,0.009471,0.260529,0.259092,512000
3,0.270011,0.009997,0.260014,0.253885,512000
1,0.270018,0.010292,0.259726,0.255706,512000
6,0.289227,0.009763,0.279464,0.265140,512000
2,0.289217,0.009605,0.279612,0.265160,512000
5,0.270009,0.009650,0.260359,0.250625,512000
