Rank,Total Time,Computation Time,Derived Communication Time,Measured Communication Time,Message Size
4,0.032497,0.009078,0.023419,0.023417,5120
0,0.032521,0.009303,0.023218,0.023212,5120
1,0.032542,0.009855,0.022687,0.022679,5120
5,0.032526,0.009408,0.023118,0.023109,5120
2,0.032497,0.009216,0.023281,0.023276,5120
6,0.032488,0.009143,0.023345,0.023343,5120
7,0.032484,0.008765,0.023719,0.023711,5120
3,0.032538,0.009839,0.022699,0.022694,5120
