Rank,Total Time,Computation Time,Derived Communication Time,Measured Communication Time,Message Size
0,0.273143,0.226546,0.046597,0.046596,2048
4,0.273152,0.227907,0.045245,0.045237,2048
1,0.252792,0.227708,0.025084,0.025074,2048
2,0.273185,0.227380,0.045805,0.045801,2048
6,0.273031,0.225934,0.047097,0.047094,2048
5,0.252854,0.229114,0.023740,0.023732,2048
7,0.252766,0.225505,0.027261,0.027253,2048
3,0.252916,0.226959,0.025957,0.025946,2048
