Rank,Total Time,Computation Time,Derived Communication Time,Measured Communication Time,Message Size
0,0.056470,0.009486,0.046984,0.046980,2560
4,0.056465,0.009824,0.046641,0.046640,2560
2,0.056439,0.009788,0.046651,0.046648,2560
6,0.056451,0.009709,0.046742,0.046736,2560
3,0.042095,0.009695,0.032400,0.032395,2560
7,0.042116,0.009976,0.032140,0.032135,2560
5,0.042094,0.009804,0.032290,0.032288,2560
1,0.042088,0.009881,0.032207,0.032203,2560
