Rank,Total Time,Computation Time,Derived Communication Time,Measured Communication Time,Message Size
4,2.825658,0.876427,1.949231,1.949222,4096000
0,2.825342,0.888830,1.936512,1.936502,4096000
3,2.827193,0.878885,1.948308,1.948300,4096000
7,2.827185,0.871804,1.955381,1.955365,4096000
6,2.839393,0.874032,1.965361,1.965353,4096000
2,2.839488,0.881317,1.958171,1.958164,4096000
1,2.813192,0.879222,1.933970,1.933963,4096000
5,2.813416,0.875431,1.937985,1.937978,4096000
