Rank,Total Time,Computation Time,Derived Communication Time,Measured Communication Time,Message Size
0,2.216536,2.078670,0.137866,0.137860,28960
1,2.206098,1.994654,0.211444,0.211443,28960
7,2.207739,2.000774,0.206965,0.206957,28960
3,2.207864,1.990804,0.217060,0.217050,28960
4,2.225765,2.191356,0.034409,0.034400,28960
5,2.212922,1.982175,0.230747,0.230742,28960
2,2.219589,2.001312,0.218277,0.218272,28960
6,2.219110,1.988846,0.230264,0.230254,28960
