Rank,Total Time,Computation Time,Derived Communication Time,Measured Communication Time,Message Size
0,2.055800,2.004230,0.051570,0.041597,57920
4,2.055211,2.007238,0.047973,0.041482,57920
1,2.051337,1.989361,0.061976,0.051999,57920
5,2.050990,1.995762,0.055228,0.052175,57920
6,2.055138,2.005188,0.049950,0.038814,57920
2,2.055563,2.001482,0.054081,0.046893,57920
3,2.051534,2.000050,0.051484,0.040672,57920
7,2.050979,1.993430,0.057549,0.049040,57920
