Rank,Total Time,Computation Time,Derived Communication Time,Measured Communication Time,Message Size
4,0.916088,0.878420,0.037668,0.037652,4096
0,0.916044,0.879449,0.036595,0.036578,4096
2,0.916134,0.879898,0.036236,0.036217,4096
6,0.915930,0.873486,0.042444,0.042424,4096
1,0.915937,0.876563,0.039374,0.039360,4096
7,0.915833,0.874692,0.041141,0.041120,4096
3,0.916125,0.878935,0.037190,0.037179,4096
5,0.916011,0.877868,0.038143,0.038128,4096
