Rank,Total Time,Computation Time,Derived Communication Time,Measured Communication Time,Message Size
4,0.086057,0.034609,0.051448,0.035531,10240
0,0.086058,0.034925,0.051133,0.033529,10240
6,0.086047,0.034797,0.051250,0.033766,10240
2,0.086046,0.034892,0.051154,0.034479,10240
1,0.066918,0.035654,0.031264,0.029379,10240
5,0.066948,0.037099,0.029849,0.023709,10240
3,0.066942,0.036620,0.030322,0.023882,10240
7,0.066935,0.036249,0.030686,0.029443,10240
