Rank,Total Time,Computation Time,Derived Communication Time,Measured Communication Time,Message Size
4,0.513196,0.009131,0.504065,0.492589,512000
0,0.513209,0.009593,0.503616,0.492901,512000
2,0.513190,0.009632,0.503558,0.494356,512000
6,0.513199,0.009696,0.503503,0.495075,512000
1,0.501755,0.010164,0.491591,0.486293,512000
3,0.501719,0.009265,0.492454,0.489074,512000
7,0.501748,0.009668,0.492080,0.489896,512000
5,0.501752,0.009773,0.491979,0.484947,512000
