Rank,Total Time,Computation Time,Derived Communication Time,Measured Communication Time,Message Size
0,3.846360,3.793868,0.052492,0.052471,81920
4,3.846772,3.796439,0.050333,0.050311,81920
2,3.846452,3.794455,0.051997,0.051989,81920
6,3.845884,3.768002,0.077882,0.077869,81920
1,3.846144,3.783476,0.062668,0.062654,81920
5,3.846191,3.771177,0.075014,0.074996,81920
3,3.845804,3.783164,0.062640,0.062626,81920
7,3.845997,3.787118,0.058879,0.058862,81920
