Rank,Total Time,Computation Time,Derived Communication Time,Measured Communication Time,Message Size
4,0.913334,0.876493,0.036841,0.036831,4096
0,0.913308,0.878989,0.034319,0.034316,4096
2,0.913206,0.877225,0.035981,0.035974,4096
6,0.913282,0.876144,0.037138,0.037135,4096
1,0.903709,0.877747,0.025962,0.025955,4096
3,0.903753,0.879137,0.024616,0.024610,4096
7,0.903557,0.873400,0.030157,0.030150,4096
5,0.903554,0.871452,0.032102,0.032098,4096
