Rank,Total Time,Computation Time,Derived Communication Time,Measured Communication Time,Message Size
0,3.916118,3.791426,0.124692,0.124682,409600
4,3.916137,3.794305,0.121832,0.121824,409600
2,3.916188,3.793166,0.123022,0.123019,409600
6,3.916432,3.801463,0.114969,0.114960,409600
3,3.912040,3.780086,0.131954,0.131947,409600
7,3.910213,3.769371,0.140842,0.140828,409600
5,3.911622,3.789492,0.122130,0.122123,409600
1,3.912634,3.781017,0.131617,0.131611,409600
