Rank,Total Time,Computation Time,Derived Communication Time,Measured Communication Time,Message Size
4,0.086016,0.033829,0.052187,0.052187,10240
0,0.086130,0.034800,0.051330,0.051327,10240
2,0.086105,0.034429,0.051676,0.051673,10240
6,0.086022,0.035119,0.050903,0.050901,10240
5,0.064749,0.036425,0.028324,0.028323,10240
1,0.064831,0.036741,0.028090,0.028089,10240
7,0.064741,0.036423,0.028318,0.028315,10240
3,0.064836,0.036606,0.028230,0.028225,10240
