Rank,Total Time,Computation Time,Derived Communication Time,Measured Communication Time,Message Size
4,0.287843,0.224706,0.063137,0.045405,20480
0,0.287903,0.228071,0.059832,0.042947,20480
1,0.267939,0.226997,0.040942,0.038456,20480
6,0.287826,0.225362,0.062464,0.044793,20480
2,0.287963,0.227854,0.060109,0.042764,20480
5,0.267849,0.225620,0.042229,0.038268,20480
3,0.267863,0.226370,0.041493,0.039995,20480
7,0.267939,0.228369,0.039570,0.037777,20480
