Rank,Total Time,Computation Time,Derived Communication Time,Measured Communication Time,Message Size
4,3.844903,3.774560,0.070343,0.046451,81920
0,3.845196,3.799205,0.045991,0.044954,81920
1,3.843233,3.768368,0.074865,0.061359,81920
3,3.843623,3.780468,0.063155,0.048284,81920
7,3.843680,3.782284,0.061396,0.035436,81920
5,3.843025,3.760905,0.082120,0.060649,81920
6,3.844890,3.770842,0.074048,0.071796,81920
2,3.845137,3.793703,0.051434,0.034731,81920
