Rank,Total Time,Computation Time,Derived Communication Time,Measured Communication Time,Message Size
4,0.539763,0.035083,0.504680,0.504678,1024000
0,0.539936,0.036630,0.503306,0.503304,1024000
2,0.542899,0.036024,0.506875,0.506870,1024000
6,0.542777,0.035030,0.507747,0.507744,1024000
1,0.526803,0.038605,0.488198,0.488192,1024000
5,0.526619,0.036178,0.490441,0.490440,1024000
3,0.529739,0.038352,0.491387,0.491384,1024000
7,0.529666,0.036647,0.493019,0.493017,1024000
