Rank,Total Time,Computation Time,Derived Communication Time,Measured Communication Time,Message Size
0,0.965227,0.878805,0.086422,0.086418,204800
4,0.965921,0.886584,0.079337,0.079332,204800
3,0.952069,0.883404,0.068665,0.068663,204800
7,0.951580,0.876616,0.074964,0.074963,204800
2,0.965784,0.879578,0.086206,0.086197,204800
6,0.965449,0.874387,0.091062,0.091057,204800
5,0.951809,0.873218,0.078591,0.078584,204800
1,0.952019,0.877705,0.074314,0.074309,204800
