Rank,Total Time,Computation Time,Derived Communication Time,Measured Communication Time,Message Size
0,0.110344,0.034928,0.075416,0.049638,102400
4,0.110321,0.033807,0.076514,0.050664,102400
6,0.110298,0.033738,0.076560,0.047800,102400
2,0.110332,0.034925,0.075407,0.046617,102400
7,0.088781,0.036434,0.052347,0.043435,102400
3,0.088777,0.036511,0.052266,0.051544,102400
5,0.088785,0.036444,0.052341,0.051653,102400
1,0.088780,0.036525,0.052255,0.043557,102400
