Rank,Total Time,Computation Time,Derived Communication Time,Measured Communication Time,Message Size
4,0.902151,0.876762,0.025389,0.025367,4096
0,0.902348,0.882026,0.020322,0.020306,4096
1,0.902158,0.877350,0.024808,0.024796,4096
5,0.902205,0.878761,0.023444,0.023435,4096
2,0.902294,0.878986,0.023308,0.023294,4096
6,0.902132,0.870229,0.031903,0.031880,4096
3,0.902240,0.877465,0.024775,0.024757,4096
7,0.902222,0.877780,0.024442,0.024424,4096
