Rank,Total Time,Computation Time,Derived Communication Time,Measured Communication Time,Message Size
4,0.266119,0.226678,0.039441,0.026958,2048
0,0.266120,0.227297,0.038823,0.026608,2048
1,0.247398,0.226987,0.020411,0.018806,2048
5,0.247331,0.225319,0.022012,0.019990,2048
6,0.266150,0.227669,0.038481,0.027469,2048
3,0.247372,0.227765,0.019607,0.017865,2048
7,0.247363,0.227751,0.019612,0.018516,2048
2,0.265999,0.225788,0.040211,0.028124,2048
