Rank,Total Time,Computation Time,Derived Communication Time,Measured Communication Time,Message Size
4,0.034820,0.009088,0.025732,0.025725,5120
0,0.034833,0.009679,0.025154,0.025150,5120
3,0.034806,0.009706,0.025100,0.025092,5120
7,0.034809,0.009550,0.025259,0.025255,5120
1,0.034835,0.009776,0.025059,0.025055,5120
2,0.034797,0.009637,0.025160,0.025156,5120
6,0.034802,0.009311,0.025491,0.025484,5120
5,0.034838,0.009693,0.025145,0.025140,5120
