Rank,Total Time,Computation Time,Derived Communication Time,Measured Communication Time,Message Size
4,7.715677,3.797532,3.918145,3.855369,8192000
0,7.716069,3.798882,3.917187,3.852683,8192000
2,7.715832,3.788903,3.926929,3.916489,8192000
6,7.715718,3.797526,3.918192,3.912903,8192000
1,7.711318,3.776332,3.934986,3.870574,8192000
5,7.711291,3.791290,3.920001,3.857313,8192000
7,7.710057,3.753866,3.956191,3.950841,8192000
3,7.711317,3.774694,3.936623,3.926106,8192000
