Rank,Total Time,Computation Time,Derived Communication Time,Measured Communication Time,Message Size
4,1.096268,0.876464,0.219804,0.219800,409600
0,1.096382,0.879033,0.217349,0.217346,409600
1,1.081346,0.881400,0.199946,0.199937,409600
2,1.097344,0.878376,0.218968,0.218961,409600
6,1.097328,0.877429,0.219899,0.219890,409600
5,1.080732,0.871123,0.209609,0.209597,409600
7,1.082136,0.871352,0.210784,0.210775,409600
3,1.082344,0.879401,0.202943,0.202937,409600
