Rank,Total Time,Computation Time,Derived Communication Time,Measured Communication Time,Message Size
0,2.054165,2.002385,0.051780,0.051776,57920
4,2.053702,1.987176,0.066526,0.066525,57920
6,2.054279,2.005240,0.049039,0.049033,57920
2,2.053829,2.003286,0.050543,0.050532,57920
3,2.037889,1.989697,0.048192,0.048182,57920
7,2.038385,1.990055,0.048330,0.048322,57920
1,2.038158,1.990049,0.048109,0.048100,57920
5,2.037577,1.982908,0.054669,0.054657,57920
