Rank,Total Time,Computation Time,Derived Communication Time,Measured Communication Time,Message Size
4,0.029734,0.009625,0.020109,0.020106,512
0,0.029787,0.009548,0.020239,0.020235,512
5,0.029777,0.008861,0.020916,0.020912,512
3,0.029897,0.010886,0.019011,0.019008,512
7,0.029823,0.010400,0.019423,0.019420,512
1,0.029889,0.009539,0.020350,0.020347,512
2,0.029827,0.009512,0.020315,0.020308,512
6,0.029735,0.009675,0.020060,0.020055,512
