Rank,Total Time,Computation Time,Derived Communication Time,Measured Communication Time,Message Size
0,3.824418,3.786590,0.037828,0.037809,8192
4,3.824579,3.774584,0.049995,0.049978,8192
3,3.824174,3.776985,0.047189,0.047171,8192
7,3.825007,3.786723,0.038284,0.038270,8192
1,3.824536,3.783529,0.041007,0.040983,8192
5,3.824854,3.790330,0.034524,0.034507,8192
6,3.824974,3.792997,0.031977,0.031954,8192
2,3.824439,3.793297,0.031142,0.031125,8192
