Rank,Total Time,Computation Time,Derived Communication Time,Measured Communication Time,Message Size
0,0.082002,0.034738,0.047264,0.025214,1024
4,0.081971,0.033764,0.048207,0.026686,1024
2,0.081991,0.034762,0.047229,0.025781,1024
6,0.081993,0.034784,0.047209,0.025887,1024
3,0.062459,0.036373,0.026086,0.024690,1024
7,0.062465,0.036398,0.026067,0.021602,1024
5,0.062465,0.036321,0.026144,0.025179,1024
1,0.062457,0.036049,0.026408,0.022013,1024
