Rank,Total Time,Computation Time,Derived Communication Time,Measured Communication Time,Message Size
0,1.086617,0.878258,0.208359,0.208356,204800
4,1.087024,0.888534,0.198490,0.198483,204800
2,1.086445,0.881543,0.204902,0.204898,204800
6,1.086209,0.877041,0.209168,0.209157,204800
7,1.083757,0.876401,0.207356,0.207346,204800
3,1.083867,0.880763,0.203104,0.203094,204800
1,1.084297,0.878703,0.205594,0.205590,204800
5,1.084214,0.872829,0.211385,0.211377,204800
