Rank,Total Time,Computation Time,Derived Communication Time,Measured Communication Time,Message Size
0,1.083977,0.881456,0.202521,0.202510,409600
4,1.083794,0.877756,0.206038,0.206018,409600
3,1.082680,0.878650,0.204030,0.204018,409600
7,1.082453,0.876613,0.205840,0.205818,409600
1,1.083863,0.876530,0.207333,0.207316,409600
5,1.083725,0.876136,0.207589,0.207580,409600
2,1.082896,0.878958,0.203938,0.203921,409600
6,1.082502,0.871152,0.211350,0.211336,409600
