Rank,Total Time,Computation Time,Derived Communication Time,Measured Communication Time,Message Size
0,0.042516,0.009352,0.033164,0.020421,512
4,0.042500,0.009100,0.033400,0.020830,512
3,0.026544,0.010592,0.015952,0.014798,512
7,0.026548,0.010502,0.016046,0.014724,512
5,0.026543,0.009455,0.017088,0.015875,512
1,0.026541,0.009528,0.017013,0.015864,512
6,0.042489,0.009213,0.033276,0.021762,512
2,0.042487,0.009336,0.033151,0.021834,512
