Rank,Total Time,Computation Time,Derived Communication Time,Measured Communication Time,Message Size
0,0.270544,0.225612,0.044932,0.044922,20480
4,0.270739,0.227228,0.043511,0.043504,20480
3,0.251361,0.227266,0.024095,0.024089,20480
7,0.251326,0.225993,0.025333,0.025319,20480
2,0.270669,0.225124,0.045545,0.045537,20480
6,0.270596,0.225508,0.045088,0.045080,20480
5,0.251430,0.229815,0.021615,0.021605,20480
1,0.251180,0.226617,0.024563,0.024548,20480
