Rank,Total Time,Computation Time,Derived Communication Time,Measured Communication Time,Message Size
0,3.851579,3.826299,0.025280,0.025263,8192
4,3.850736,3.774275,0.076461,0.076442,8192
3,3.851589,3.784126,0.067463,0.067449,8192
7,3.850242,3.780595,0.069647,0.069633,8192
2,3.851599,3.795550,0.056049,0.056033,8192
6,3.850436,3.792815,0.057621,0.057611,8192
5,3.849285,3.758245,0.091040,0.091034,8192
1,3.850681,3.785844,0.064837,0.064822,8192
