Rank,Total Time,Computation Time,Derived Communication Time,Measured Communication Time,Message Size
4,0.258401,0.228356,0.030045,0.030029,2048
0,0.258363,0.227463,0.030900,0.030881,2048
3,0.258289,0.227761,0.030528,0.030506,2048
7,0.258399,0.227909,0.030490,0.030472,2048
1,0.258301,0.228022,0.030279,0.030260,2048
5,0.258301,0.227618,0.030683,0.030659,2048
2,0.258304,0.228548,0.029756,0.029736,2048
6,0.258304,0.227674,0.030630,0.030621,2048
