Rank,Total Time,Computation Time,Derived Communication Time,Measured Communication Time,Message Size
0,7.680129,3.791364,3.888765,3.888753,8192000
4,7.680102,3.793013,3.887089,3.887073,8192000
1,7.680518,3.785574,3.894944,3.894927,8192000
3,7.701000,3.777403,3.923597,3.923579,8192000
7,7.700462,3.759001,3.941461,3.941442,8192000
5,7.679919,3.780334,3.899585,3.899564,8192000
6,7.701133,3.786515,3.914618,3.914601,8192000
2,7.701397,3.784199,3.917198,3.917183,8192000
