Rank,Total Time,Computation Time,Derived Communication Time,Measured Communication Time,Message Size
0,2.167188,2.018879,0.148309,0.146898,579200
4,2.167083,1.993861,0.173222,0.148193,579200
2,2.166939,1.998258,0.168681,0.152868,579200
6,2.167216,1.998483,0.168733,0.166622,579200
7,2.165773,1.980601,0.185172,0.161647,579200
3,2.165485,1.984927,0.180558,0.153770,579200
1,2.165446,1.983295,0.182151,0.166158,579200
5,2.166140,1.996504,0.169636,0.143903,579200
