Rank,Total Time,Computation Time,Derived Communication Time,Measured Communication Time,Message Size
4,0.266442,0.231752,0.034690,0.034683,10240
0,0.266159,0.232442,0.033717,0.033711,10240
6,0.266241,0.227915,0.038326,0.038313,10240
2,0.266308,0.230762,0.035546,0.035542,10240
1,0.259131,0.227881,0.031250,0.031244,10240
7,0.259376,0.227146,0.032230,0.032219,10240
3,0.259289,0.227987,0.031302,0.031300,10240
5,0.259436,0.227399,0.032037,0.032032,10240
