Rank,Total Time,Computation Time,Derived Communication Time,Measured Communication Time,Message Size
0,4.183624,3.794203,0.389421,0.389411,819200
4,4.183879,3.805106,0.378773,0.378766,819200
3,4.181688,3.780076,0.401612,0.401607,819200
7,4.179622,3.757939,0.421683,0.421672,819200
2,4.184523,3.789269,0.395254,0.395247,819200
5,4.179389,3.748414,0.430975,0.430968,819200
1,4.180989,3.787092,0.393897,0.393885,819200
6,4.183706,3.785844,0.397862,0.397857,819200
