Rank,Total Time,Computation Time,Derived Communication Time,Measured Communication Time,Message Size
4,1.010182,0.035244,0.974938,0.974937,1024000
0,1.010325,0.036418,0.973907,0.973902,1024000
1,0.999508,0.038374,0.961134,0.961130,1024000
3,1.003843,0.037766,0.966077,0.966077,1024000
7,1.003772,0.036467,0.967305,0.967302,1024000
2,1.014682,0.036759,0.977923,0.977920,1024000
6,1.014562,0.035248,0.979314,0.979310,1024000
5,0.999340,0.035991,0.963349,0.963347,1024000
