Rank,Total Time,Computation Time,Derived Communication Time,Measured Communication Time,Message Size
4,0.075566,0.034811,0.040755,0.018855,1024
0,0.075536,0.033885,0.041651,0.020285,1024
1,0.061379,0.036334,0.025045,0.024143,1024
2,0.075553,0.034723,0.040830,0.017293,1024
6,0.075553,0.034788,0.040765,0.016373,1024
5,0.061369,0.035685,0.025684,0.021492,1024
3,0.061384,0.036354,0.025030,0.020641,1024
7,0.061380,0.036239,0.025141,0.024202,1024
