Rank,Total Time,Computation Time,Derived Communication Time,Measured Communication Time,Message Size
4,0.077625,0.034798,0.042827,0.024463,1024
0,0.077623,0.034999,0.042624,0.024411,1024
3,0.058426,0.036575,0.021851,0.020996,1024
7,0.058437,0.036438,0.021999,0.021247,1024
2,0.077597,0.034449,0.043148,0.025110,1024
6,0.077607,0.034797,0.042810,0.024451,1024
1,0.058434,0.036451,0.021983,0.021236,1024
5,0.058436,0.036264,0.022172,0.021345,1024
