Rank,Total Time,Computation Time,Derived Communication Time,Measured Communication Time,Message Size
4,0.060087,0.035033,0.025054,0.025046,10240
0,0.060057,0.035287,0.024770,0.024761,10240
2,0.060033,0.033910,0.026123,0.026120,10240
6,0.060051,0.034903,0.025148,0.025143,10240
1,0.060103,0.036276,0.023827,0.023820,10240
5,0.060134,0.036453,0.023681,0.023676,10240
3,0.060089,0.035568,0.024521,0.024518,10240
7,0.060083,0.035255,0.024828,0.024823,10240
