Rank,Total Time,Computation Time,Derived Communication Time,Measured Communication Time,Message Size
0,0.171595,0.008664,0.162931,0.151648,512000
4,0.171606,0.009088,0.162518,0.144806,512000
7,0.152653,0.009622,0.143031,0.140587,512000
3,0.152657,0.010148,0.142509,0.141692,512000
2,0.171627,0.010019,0.161608,0.141739,512000
6,0.171599,0.009050,0.162549,0.149366,512000
1,0.152648,0.009711,0.142937,0.141028,512000
5,0.152648,0.009468,0.143180,0.142540,512000
