Rank,Total Time,Computation Time,Derived Communication Time,Measured Communication Time,Message Size
4,0.948697,0.875299,0.073398,0.059100,40960
0,0.948841,0.879635,0.069206,0.056890,40960
2,0.948751,0.875750,0.073001,0.058300,40960
6,0.948819,0.879110,0.069709,0.056125,40960
1,0.934480,0.877254,0.057226,0.055413,40960
3,0.934485,0.876574,0.057911,0.052096,40960
7,0.934537,0.877737,0.056800,0.052151,40960
5,0.934480,0.878605,0.055875,0.052310,40960
