Rank,Total Time,Computation Time,Derived Communication Time,Measured Communication Time,Message Size
0,0.116573,0.036072,0.080501,0.080495,51200
4,0.116829,0.037322,0.079507,0.079504,51200
6,0.116587,0.034827,0.081760,0.081755,51200
2,0.116683,0.035924,0.080759,0.080751,51200
3,0.098669,0.037477,0.061192,0.061191,51200
7,0.098570,0.036811,0.061759,0.061757,51200
5,0.098698,0.036497,0.062201,0.062198,51200
1,0.098576,0.037999,0.060577,0.060573,51200
