Rank,Total Time,Computation Time,Derived Communication Time,Measured Communication Time,Message Size
0,2.154290,1.998573,0.155717,0.155706,579200
4,2.154387,2.009584,0.144803,0.144786,579200
6,2.154151,2.001541,0.152610,0.152588,579200
2,2.155157,1.994042,0.161115,0.161097,579200
5,2.153641,1.978409,0.175232,0.175216,579200
3,2.154264,1.994992,0.159272,0.159249,579200
7,2.153830,1.996811,0.157019,0.156996,579200
1,2.153715,1.991367,0.162348,0.162335,579200
