Rank,Total Time,Computation Time,Derived Communication Time,Measured Communication Time,Message Size
4,0.123253,0.034861,0.088392,0.071348,102400
0,0.123266,0.035304,0.087962,0.071597,102400
1,0.104829,0.036850,0.067979,0.067194,102400
6,0.123240,0.034802,0.088438,0.070694,102400
2,0.123242,0.035321,0.087921,0.070586,102400
5,0.104828,0.036252,0.068576,0.061230,102400
7,0.104831,0.036517,0.068314,0.066407,102400
3,0.104831,0.036916,0.067915,0.060434,102400
