Rank,Total Time,Computation Time,Derived Communication Time,Measured Communication Time,Message Size
0,1.207820,0.233791,0.974029,0.974016,2048000
4,1.207815,0.225426,0.982389,0.982377,2048000
3,1.215922,0.227864,0.988058,0.988047,2048000
7,1.215833,0.227864,0.987969,0.987948,2048000
1,1.207595,0.226526,0.981069,0.981051,2048000
6,1.215736,0.225948,0.989788,0.989767,2048000
2,1.215907,0.226966,0.988941,0.988932,2048000
5,1.207653,0.225147,0.982506,0.982488,2048000
