Rank,Total Time,Computation Time,Derived Communication Time,Measured Communication Time,Message Size
4,0.931115,0.874400,0.056715,0.056707,4096
0,0.931370,0.880071,0.051299,0.051290,4096
2,0.931242,0.878314,0.052928,0.052924,4096
6,0.931000,0.873280,0.057720,0.057710,4096
1,0.912822,0.878460,0.034362,0.034353,4096
5,0.912645,0.874321,0.038324,0.038319,4096
3,0.912797,0.878088,0.034709,0.034704,4096
7,0.912484,0.870556,0.041928,0.041921,4096
