Rank,Total Time,Computation Time,Derived Communication Time,Measured Communication Time,Message Size
4,0.362245,0.228611,0.133634,0.133625,204800
0,0.362406,0.226804,0.135602,0.135594,204800
3,0.340352,0.226758,0.113594,0.113591,204800
7,0.340241,0.225930,0.114311,0.114306,204800
6,0.361680,0.225409,0.136271,0.136267,204800
2,0.361698,0.226183,0.135515,0.135505,204800
1,0.340995,0.226707,0.114288,0.114282,204800
5,0.340899,0.229292,0.111607,0.111601,204800
