Rank,Total Time,Computation Time,Derived Communication Time,Measured Communication Time,Message Size
0,0.045657,0.009329,0.036328,0.036325,2560
4,0.045653,0.009551,0.036102,0.036096,2560
2,0.045637,0.009516,0.036121,0.036118,2560
6,0.045652,0.009689,0.035963,0.035960,2560
3,0.031941,0.009424,0.022517,0.022515,2560
1,0.031945,0.009533,0.022412,0.022405,2560
5,0.031946,0.009759,0.022187,0.022187,2560
7,0.031958,0.009894,0.022064,0.022061,2560
