Rank,Total Time,Computation Time,Derived Communication Time,Measured Communication Time,Message Size
4,2.043273,1.993284,0.049989,0.038722,5792
0,2.043458,1.997997,0.045461,0.034395,5792
1,2.028751,1.990907,0.037844,0.025275,5792
6,2.043741,2.007469,0.036272,0.023690,5792
2,2.043452,2.003405,0.040047,0.022794,5792
5,2.028902,1.989967,0.038935,0.025702,5792
3,2.028900,1.993776,0.035124,0.027696,5792
7,2.028950,1.993102,0.035848,0.032921,5792
