Rank,Total Time,Computation Time,Derived Communication Time,Measured Communication Time,Message Size
4,0.273556,0.235585,0.037971,0.037962,10240
0,0.272996,0.228454,0.044542,0.044536,10240
2,0.273239,0.232847,0.040392,0.040386,10240
6,0.273208,0.226103,0.047105,0.047095,10240
3,0.258276,0.226301,0.031975,0.031966,10240
7,0.258285,0.227047,0.031238,0.031227,10240
5,0.258541,0.227642,0.030899,0.030891,10240
1,0.257963,0.228471,0.029492,0.029483,10240
