Rank,Total Time,Computation Time,Derived Communication Time,Measured Communication Time,Message Size
0,0.031343,0.009339,0.022004,0.021999,512
4,0.031380,0.009094,0.022286,0.022281,512
1,0.031370,0.010117,0.021253,0.021245,512
7,0.031371,0.009654,0.021717,0.021711,512
3,0.031370,0.009622,0.021748,0.021742,512
5,0.031410,0.009835,0.021575,0.021567,512
6,0.031322,0.008326,0.022996,0.022986,512
2,0.031339,0.009311,0.022028,0.022020,512
