Rank,Total Time,Computation Time,Derived Communication Time,Measured Communication Time,Message Size
0,0.076542,0.035138,0.041404,0.041403,1024
4,0.076564,0.034808,0.041756,0.041753,1024
1,0.059088,0.036937,0.022151,0.022149,1024
5,0.059113,0.036614,0.022499,0.022499,1024
7,0.059089,0.036984,0.022105,0.022102,1024
3,0.059092,0.037486,0.021606,0.021604,1024
6,0.076555,0.035124,0.041431,0.041429,1024
2,0.076553,0.035323,0.041230,0.041224,1024
