Rank,Total Time,Computation Time,Derived Communication Time,Measured Communication Time,Message Size
0,3.834833,3.795982,0.038851,0.028869,8192
4,3.835184,3.795378,0.039806,0.034427,8192
3,3.826370,3.780690,0.045680,0.031706,8192
7,3.826691,3.782339,0.044352,0.039995,8192
1,3.826064,3.762069,0.063995,0.055694,8192
5,3.827017,3.786594,0.040423,0.029602,8192
2,3.834605,3.789661,0.044944,0.037039,8192
6,3.835495,3.800904,0.034591,0.024915,8192
