Rank,Total Time,Computation Time,Derived Communication Time,Measured Communication Time,Message Size
4,0.930992,0.875439,0.055553,0.042624,40960
0,0.931074,0.879634,0.051440,0.039286,40960
3,0.913238,0.878662,0.034576,0.032960,40960
7,0.913155,0.872072,0.041083,0.036031,40960
5,0.913343,0.875024,0.038319,0.033797,40960
1,0.913324,0.877687,0.035637,0.032603,40960
2,0.931002,0.880297,0.050705,0.038957,40960
6,0.931068,0.876575,0.054493,0.040893,40960
