Rank,Total Time,Computation Time,Derived Communication Time,Measured Communication Time,Message Size
4,0.965560,0.915867,0.049693,0.049686,20480
0,0.962980,0.875605,0.087375,0.087370,20480
3,0.948904,0.876938,0.071966,0.071965,20480
7,0.948730,0.871704,0.077026,0.077020,20480
2,0.964112,0.879066,0.085046,0.085043,20480
6,0.964126,0.878166,0.085960,0.085951,20480
1,0.947548,0.881187,0.066361,0.066356,20480
5,0.949996,0.876645,0.073351,0.073348,20480
